time,left_shoulder_x,left_shoulder_y,left_shoulder_z,left_shoulder_v,right_shoulder_x,right_shoulder_y,right_shoulder_z,right_shoulder_v,left_elbow_x,left_elbow_y,left_elbow_z,left_elbow_v,right_elbow_x,right_elbow_y,right_elbow_z,right_elbow_v,left_wrist_x,left_wrist_y,left_wrist_z,left_wrist_v,right_wrist_x,right_wrist_y,right_wrist_z,right_wrist_v,left_hip_x,left_hip_y,left_hip_z,left_hip_v,right_hip_x,right_hip_y,right_hip_z,right_hip_v,left_knee_x,left_knee_y,left_knee_z,left_knee_v,right_knee_x,right_knee_y,right_knee_z,right_knee_v,left_ankle_x,left_ankle_y,left_ankle_z,left_ankle_v,right_ankle_x,right_ankle_y,right_ankle_z,right_ankle_v
0.0,300.0,200.0,0.0,0.95,,,,,300.0,350.0,0.0,0.95,,,,,336.2347,485.2296,0.0,0.95,,,,,300.0,520.0,0.0,0.95,,,,,300.0,700.0,0.0,0.95,,,,,300.0,880.0,0.0,0.95,,,,
0.0333,300.0,200.0,0.0,0.95,,,,,300.0,350.0,0.0,0.95,,,,,336.2347,485.2296,0.0,0.95,,,,,300.0,520.0,0.0,0.95,,,,,300.0,700.0,0.0,0.95,,,,,300.0,880.0,0.0,0.95,,,,
0.0667,300.0,200.0,0.0,0.95,,,,,300.0,350.0,0.0,0.95,,,,,341.2349,483.7897,0.0,0.95,,,,,300.0,520.0,0.0,0.95,,,,,300.0,700.0,0.0,0.95,,,,,300.0,880.0,0.0,0.95,,,,
0.1,300.0,200.0,0.0,0.95,,,,,300.0,350.0,0.0,0.95,,,,,355.5411,478.5114,0.0,0.95,,,,,300.0,520.0,0.0,0.95,,,,,300.0,700.0,0.0,0.95,,,,,300.0,880.0,0.0,0.95,,,,
0.1333,300.0,200.0,0.0,0.95,,,,,300.0,350.0,0.0,0.95,,,,,376.8751,467.0052,0.0,0.95,,,,,300.0,520.0,0.0,0.95,,,,,300.0,700.0,0.0,0.95,,,,,300.0,880.0,0.0,0.95,,,,
0.1667,300.0,200.0,0.0,0.95,,,,,300.0,350.0,0.0,0.95,,,,,401.131,446.8118,0.0,0.95,,,,,300.0,520.0,0.0,0.95,,,,,300.0,700.0,0.0,0.95,,,,,300.0,880.0,0.0,0.95,,,,
0.2,300.0,200.0,0.0,0.95,,,,,300.0,350.0,0.0,0.95,,,,,422.8284,417.1803,0.0,0.95,,,,,300.0,520.0,0.0,0.95,,,,,300.0,700.0,0.0,0.95,,,,,300.0,880.0,0.0,0.95,,,,
0.2333,300.0,200.0,0.0,0.95,,,,,300.0,350.0,0.0,0.95,,,,,436.6814,380.3015,0.0,0.95,,,,,300.0,520.0,0.0,0.95,,,,,300.0,700.0,0.0,0.95,,,,,300.0,880.0,0.0,0.95,,,,
0.2667,300.0,200.0,0.0,0.95,,,,,300.0,350.0,0.0,0.95,,,,,439.7119,341.0235,0.0,0.95,,,,,300.0,520.0,0.0,0.95,,,,,300.0,700.0,0.0,0.95,,,,,300.0,880.0,0.0,0.95,,,,
0.3,300.0,200.0,0.0,0.95,,,,,300.0,350.0,0.0,0.95,,,,,432.5702,304.9985,0.0,0.95,,,,,300.0,520.0,0.0,0.95,,,,,300.0,700.0,0.0,0.95,,,,,300.0,880.0,0.0,0.95,,,,
0.3333,300.0,200.0,0.0,0.95,,,,,300.0,350.0,0.0,0.95,,,,,419.121,276.4461,0.0,0.95,,,,,300.0,520.0,0.0,0.95,,,,,300.0,700.0,0.0,0.95,,,,,300.0,880.0,0.0,0.95,,,,
0.3667,300.0,200.0,0.0,0.95,,,,,300.0,350.0,0.0,0.95,,,,,404.6486,257.0018,0.0,0.95,,,,,300.0,520.0,0.0,0.95,,,,,300.0,700.0,0.0,0.95,,,,,300.0,880.0,0.0,0.95,,,,
0.4,300.0,200.0,0.0,0.95,,,,,300.0,350.0,0.0,0.95,,,,,393.9134,246.1719,0.0,0.95,,,,,300.0,520.0,0.0,0.95,,,,,300.0,700.0,0.0,0.95,,,,,300.0,880.0,0.0,0.95,,,,
0.4333,300.0,200.0,0.0,0.95,,,,,300.0,350.0,0.0,0.95,,,,,389.9903,242.7538,0.0,0.95,,,,,300.0,520.0,0.0,0.95,,,,,300.0,700.0,0.0,0.95,,,,,300.0,880.0,0.0,0.95,,,,
0.4667,300.0,200.0,0.0,0.95,,,,,300.0,350.0,0.0,0.95,,,,,393.9134,246.1719,0.0,0.95,,,,,300.0,520.0,0.0,0.95,,,,,300.0,700.0,0.0,0.95,,,,,300.0,880.0,0.0,0.95,,,,
0.5,300.0,200.0,0.0,0.95,,,,,300.0,350.0,0.0,0.95,,,,,404.6486,257.0018,0.0,0.95,,,,,300.0,520.0,0.0,0.95,,,,,300.0,700.0,0.0,0.95,,,,,300.0,880.0,0.0,0.95,,,,
0.5333,300.0,200.0,0.0,0.95,,,,,300.0,350.0,0.0,0.95,,,,,419.121,276.4461,0.0,0.95,,,,,300.0,520.0,0.0,0.95,,,,,300.0,700.0,0.0,0.95,,,,,300.0,880.0,0.0,0.95,,,,
0.5667,300.0,200.0,0.0,0.95,,,,,300.0,350.0,0.0,0.95,,,,,432.5702,304.9985,0.0,0.95,,,,,300.0,520.0,0.0,0.95,,,,,300.0,700.0,0.0,0.95,,,,,300.0,880.0,0.0,0.95,,,,
0.6,300.0,200.0,0.0,0.95,,,,,300.0,350.0,0.0,0.95,,,,,439.7119,341.0235,0.0,0.95,,,,,300.0,520.0,0.0,0.95,,,,,300.0,700.0,0.0,0.95,,,,,300.0,880.0,0.0,0.95,,,,
0.6333,300.0,200.0,0.0,0.95,,,,,300.0,350.0,0.0,0.95,,,,,436.6814,380.3015,0.0,0.95,,,,,300.0,520.0,0.0,0.95,,,,,300.0,700.0,0.0,0.95,,,,,300.0,880.0,0.0,0.95,,,,
0.6667,300.0,200.0,0.0,0.95,,,,,300.0,350.0,0.0,0.95,,,,,422.8284,417.1803,0.0,0.95,,,,,300.0,520.0,0.0,0.95,,,,,300.0,700.0,0.0,0.95,,,,,300.0,880.0,0.0,0.95,,,,
0.7,300.0,200.0,0.0,0.95,,,,,300.0,350.0,0.0,0.95,,,,,401.131,446.8118,0.0,0.95,,,,,300.0,520.0,0.0,0.95,,,,,300.0,700.0,0.0,0.95,,,,,300.0,880.0,0.0,0.95,,,,
0.7333,300.0,200.0,0.0,0.95,,,,,300.0,350.0,0.0,0.95,,,,,376.8751,467.0052,0.0,0.95,,,,,300.0,520.0,0.0,0.95,,,,,300.0,700.0,0.0,0.95,,,,,300.0,880.0,0.0,0.95,,,,
0.7667,300.0,200.0,0.0,0.95,,,,,300.0,350.0,0.0,0.95,,,,,355.5411,478.5114,0.0,0.95,,,,,300.0,520.0,0.0,0.95,,,,,300.0,700.0,0.0,0.95,,,,,300.0,880.0,0.0,0.95,,,,
0.8,300.0,200.0,0.0,0.95,,,,,300.0,350.0,0.0,0.95,,,,,341.2349,483.7897,0.0,0.95,,,,,300.0,520.0,0.0,0.95,,,,,300.0,700.0,0.0,0.95,,,,,300.0,880.0,0.0,0.95,,,,
0.8333,300.0,200.0,0.0,0.95,,,,,300.0,350.0,0.0,0.95,,,,,336.2347,485.2296,0.0,0.95,,,,,300.0,520.0,0.0,0.95,,,,,300.0,700.0,0.0,0.95,,,,,300.0,880.0,0.0,0.95,,,,
0.8667,300.0,200.0,0.0,0.95,,,,,300.0,350.0,0.0,0.95,,,,,336.2347,485.2296,0.0,0.95,,,,,300.0,520.0,0.0,0.95,,,,,300.0,700.0,0.0,0.95,,,,,300.0,880.0,0.0,0.95,,,,
0.9,300.0,200.0,0.0,0.95,,,,,300.0,350.0,0.0,0.95,,,,,341.2349,483.7897,0.0,0.95,,,,,300.0,520.0,0.0,0.95,,,,,300.0,700.0,0.0,0.95,,,,,300.0,880.0,0.0,0.95,,,,
0.9333,300.0,200.0,0.0,0.95,,,,,300.0,350.0,0.0,0.95,,,,,355.5411,478.5114,0.0,0.95,,,,,300.0,520.0,0.0,0.95,,,,,300.0,700.0,0.0,0.95,,,,,300.0,880.0,0.0,0.95,,,,
0.9667,300.0,200.0,0.0,0.95,,,,,300.0,350.0,0.0,0.95,,,,,376.8751,467.0052,0.0,0.95,,,,,300.0,520.0,0.0,0.95,,,,,300.0,700.0,0.0,0.95,,,,,300.0,880.0,0.0,0.95,,,,
1.0,300.0,200.0,0.0,0.95,,,,,300.0,350.0,0.0,0.95,,,,,401.131,446.8118,0.0,0.95,,,,,300.0,520.0,0.0,0.95,,,,,300.0,700.0,0.0,0.95,,,,,300.0,880.0,0.0,0.95,,,,
1.0333,300.0,200.0,0.0,0.95,,,,,300.0,350.0,0.0,0.95,,,,,422.8284,417.1803,0.0,0.95,,,,,300.0,520.0,0.0,0.95,,,,,300.0,700.0,0.0,0.95,,,,,300.0,880.0,0.0,0.95,,,,
1.0667,300.0,200.0,0.0,0.95,,,,,300.0,350.0,0.0,0.95,,,,,436.6814,380.3015,0.0,0.95,,,,,300.0,520.0,0.0,0.95,,,,,300.0,700.0,0.0,0.95,,,,,300.0,880.0,0.0,0.95,,,,
1.1,300.0,200.0,0.0,0.95,,,,,300.0,350.0,0.0,0.95,,,,,439.7119,341.0235,0.0,0.95,,,,,300.0,520.0,0.0,0.95,,,,,300.0,700.0,0.0,0.95,,,,,300.0,880.0,0.0,0.95,,,,
1.1333,300.0,200.0,0.0,0.95,,,,,300.0,350.0,0.0,0.95,,,,,432.5702,304.9985,0.0,0.95,,,,,300.0,520.0,0.0,0.95,,,,,300.0,700.0,0.0,0.95,,,,,300.0,880.0,0.0,0.95,,,,
1.1667,300.0,200.0,0.0,0.95,,,,,300.0,350.0,0.0,0.95,,,,,419.121,276.4461,0.0,0.95,,,,,300.0,520.0,0.0,0.95,,,,,300.0,700.0,0.0,0.95,,,,,300.0,880.0,0.0,0.95,,,,
1.2,300.0,200.0,0.0,0.95,,,,,300.0,350.0,0.0,0.95,,,,,404.6486,257.0018,0.0,0.95,,,,,300.0,520.0,0.0,0.95,,,,,300.0,700.0,0.0,0.95,,,,,300.0,880.0,0.0,0.95,,,,
1.2333,300.0,200.0,0.0,0.95,,,,,300.0,350.0,0.0,0.95,,,,,393.9134,246.1719,0.0,0.95,,,,,300.0,520.0,0.0,0.95,,,,,300.0,700.0,0.0,0.95,,,,,300.0,880.0,0.0,0.95,,,,
1.2667,300.0,200.0,0.0,0.95,,,,,300.0,350.0,0.0,0.95,,,,,389.9903,242.7538,0.0,0.95,,,,,300.0,520.0,0.0,0.95,,,,,300.0,700.0,0.0,0.95,,,,,300.0,880.0,0.0,0.95,,,,
1.3,300.0,200.0,0.0,0.95,,,,,300.0,350.0,0.0,0.95,,,,,393.9134,246.1719,0.0,0.95,,,,,300.0,520.0,0.0,0.95,,,,,300.0,700.0,0.0,0.95,,,,,300.0,880.0,0.0,0.95,,,,
1.3333,300.0,200.0,0.0,0.95,,,,,300.0,350.0,0.0,0.95,,,,,404.6486,257.0018,0.0,0.95,,,,,300.0,520.0,0.0,0.95,,,,,300.0,700.0,0.0,0.95,,,,,300.0,880.0,0.0,0.95,,,,
1.3667,300.0,200.0,0.0,0.95,,,,,300.0,350.0,0.0,0.95,,,,,419.121,276.4461,0.0,0.95,,,,,300.0,520.0,0.0,0.95,,,,,300.0,700.0,0.0,0.95,,,,,300.0,880.0,0.0,0.95,,,,
1.4,300.0,200.0,0.0,0.95,,,,,300.0,350.0,0.0,0.95,,,,,432.5702,304.9985,0.0,0.95,,,,,300.0,520.0,0.0,0.95,,,,,300.0,700.0,0.0,0.95,,,,,300.0,880.0,0.0,0.95,,,,
1.4333,300.0,200.0,0.0,0.95,,,,,300.0,350.0,0.0,0.95,,,,,439.7119,341.0235,0.0,0.95,,,,,300.0,520.0,0.0,0.95,,,,,300.0,700.0,0.0,0.95,,,,,300.0,880.0,0.0,0.95,,,,
1.4667,300.0,200.0,0.0,0.95,,,,,300.0,350.0,0.0,0.95,,,,,436.6814,380.3015,0.0,0.95,,,,,300.0,520.0,0.0,0.95,,,,,300.0,700.0,0.0,0.95,,,,,300.0,880.0,0.0,0.95,,,,
1.5,300.0,200.0,0.0,0.95,,,,,300.0,350.0,0.0,0.95,,,,,422.8284,417.1803,0.0,0.95,,,,,300.0,520.0,0.0,0.95,,,,,300.0,700.0,0.0,0.95,,,,,300.0,880.0,0.0,0.95,,,,
1.5333,300.0,200.0,0.0,0.95,,,,,300.0,350.0,0.0,0.95,,,,,401.131,446.8118,0.0,0.95,,,,,300.0,520.0,0.0,0.95,,,,,300.0,700.0,0.0,0.95,,,,,300.0,880.0,0.0,0.95,,,,
1.5667,300.0,200.0,0.0,0.95,,,,,300.0,350.0,0.0,0.95,,,,,376.8751,467.0052,0.0,0.95,,,,,300.0,520.0,0.0,0.95,,,,,300.0,700.0,0.0,0.95,,,,,300.0,880.0,0.0,0.95,,,,
1.6,300.0,200.0,0.0,0.95,,,,,300.0,350.0,0.0,0.95,,,,,355.5411,478.5114,0.0,0.95,,,,,300.0,520.0,0.0,0.95,,,,,300.0,700.0,0.0,0.95,,,,,300.0,880.0,0.0,0.95,,,,
1.6333,300.0,200.0,0.0,0.95,,,,,300.0,350.0,0.0,0.95,,,,,341.2349,483.7897,0.0,0.95,,,,,300.0,520.0,0.0,0.95,,,,,300.0,700.0,0.0,0.95,,,,,300.0,880.0,0.0,0.95,,,,
1.6667,300.0,200.0,0.0,0.95,,,,,300.0,350.0,0.0,0.95,,,,,336.2347,485.2296,0.0,0.95,,,,,300.0,520.0,0.0,0.95,,,,,300.0,700.0,0.0,0.95,,,,,300.0,880.0,0.0,0.95,,,,
1.7,300.0,200.0,0.0,0.95,,,,,300.0,350.0,0.0,0.95,,,,,336.2347,485.2296,0.0,0.95,,,,,300.0,520.0,0.0,0.95,,,,,300.0,700.0,0.0,0.95,,,,,300.0,880.0,0.0,0.95,,,,
1.7333,300.0,200.0,0.0,0.95,,,,,300.0,350.0,0.0,0.95,,,,,341.2349,483.7897,0.0,0.95,,,,,300.0,520.0,0.0,0.95,,,,,300.0,700.0,0.0,0.95,,,,,300.0,880.0,0.0,0.95,,,,
1.7667,300.0,200.0,0.0,0.95,,,,,300.0,350.0,0.0,0.95,,,,,355.5411,478.5114,0.0,0.95,,,,,300.0,520.0,0.0,0.95,,,,,300.0,700.0,0.0,0.95,,,,,300.0,880.0,0.0,0.95,,,,
1.8,300.0,200.0,0.0,0.95,,,,,300.0,350.0,0.0,0.95,,,,,376.8751,467.0052,0.0,0.95,,,,,300.0,520.0,0.0,0.95,,,,,300.0,700.0,0.0,0.95,,,,,300.0,880.0,0.0,0.95,,,,
1.8333,300.0,200.0,0.0,0.95,,,,,300.0,350.0,0.0,0.95,,,,,401.131,446.8118,0.0,0.95,,,,,300.0,520.0,0.0,0.95,,,,,300.0,700.0,0.0,0.95,,,,,300.0,880.0,0.0,0.95,,,,
1.8667,300.0,200.0,0.0,0.95,,,,,300.0,350.0,0.0,0.95,,,,,422.8284,417.1803,0.0,0.95,,,,,300.0,520.0,0.0,0.95,,,,,300.0,700.0,0.0,0.95,,,,,300.0,880.0,0.0,0.95,,,,
1.9,300.0,200.0,0.0,0.95,,,,,300.0,350.0,0.0,0.95,,,,,436.6814,380.3015,0.0,0.95,,,,,300.0,520.0,0.0,0.95,,,,,300.0,700.0,0.0,0.95,,,,,300.0,880.0,0.0,0.95,,,,
1.9333,300.0,200.0,0.0,0.95,,,,,300.0,350.0,0.0,0.95,,,,,439.7119,341.0235,0.0,0.95,,,,,300.0,520.0,0.0,0.95,,,,,300.0,700.0,0.0,0.95,,,,,300.0,880.0,0.0,0.95,,,,
1.9667,300.0,200.0,0.0,0.95,,,,,300.0,350.0,0.0,0.95,,,,,432.5702,304.9985,0.0,0.95,,,,,300.0,520.0,0.0,0.95,,,,,300.0,700.0,0.0,0.95,,,,,300.0,880.0,0.0,0.95,,,,
2.0,300.0,200.0,0.0,0.95,,,,,300.0,350.0,0.0,0.95,,,,,419.121,276.4461,0.0,0.95,,,,,300.0,520.0,0.0,0.95,,,,,300.0,700.0,0.0,0.95,,,,,300.0,880.0,0.0,0.95,,,,
2.0333,300.0,200.0,0.0,0.95,,,,,300.0,350.0,0.0,0.95,,,,,404.6486,257.0018,0.0,0.95,,,,,300.0,520.0,0.0,0.95,,,,,300.0,700.0,0.0,0.95,,,,,300.0,880.0,0.0,0.95,,,,
2.0667,300.0,200.0,0.0,0.95,,,,,300.0,350.0,0.0,0.95,,,,,393.9134,246.1719,0.0,0.95,,,,,300.0,520.0,0.0,0.95,,,,,300.0,700.0,0.0,0.95,,,,,300.0,880.0,0.0,0.95,,,,
2.1,300.0,200.0,0.0,0.95,,,,,300.0,350.0,0.0,0.95,,,,,389.9903,242.7538,0.0,0.95,,,,,300.0,520.0,0.0,0.95,,,,,300.0,700.0,0.0,0.95,,,,,300.0,880.0,0.0,0.95,,,,
2.1333,300.0,200.0,0.0,0.95,,,,,300.0,350.0,0.0,0.95,,,,,393.9134,246.1719,0.0,0.95,,,,,300.0,520.0,0.0,0.95,,,,,300.0,700.0,0.0,0.95,,,,,300.0,880.0,0.0,0.95,,,,
2.1667,300.0,200.0,0.0,0.95,,,,,300.0,350.0,0.0,0.95,,,,,404.6486,257.0018,0.0,0.95,,,,,300.0,520.0,0.0,0.95,,,,,300.0,700.0,0.0,0.95,,,,,300.0,880.0,0.0,0.95,,,,
2.2,300.0,200.0,0.0,0.95,,,,,300.0,350.0,0.0,0.95,,,,,419.121,276.4461,0.0,0.95,,,,,300.0,520.0,0.0,0.95,,,,,300.0,700.0,0.0,0.95,,,,,300.0,880.0,0.0,0.95,,,,
2.2333,300.0,200.0,0.0,0.95,,,,,300.0,350.0,0.0,0.95,,,,,432.5702,304.9985,0.0,0.95,,,,,300.0,520.0,0.0,0.95,,,,,300.0,700.0,0.0,0.95,,,,,300.0,880.0,0.0,0.95,,,,
2.2667,300.0,200.0,0.0,0.95,,,,,300.0,350.0,0.0,0.95,,,,,439.7119,341.0235,0.0,0.95,,,,,300.0,520.0,0.0,0.95,,,,,300.0,700.0,0.0,0.95,,,,,300.0,880.0,0.0,0.95,,,,
2.3,300.0,200.0,0.0,0.95,,,,,300.0,350.0,0.0,0.95,,,,,436.6814,380.3015,0.0,0.95,,,,,300.0,520.0,0.0,0.95,,,,,300.0,700.0,0.0,0.95,,,,,300.0,880.0,0.0,0.95,,,,
2.3333,300.0,200.0,0.0,0.95,,,,,300.0,350.0,0.0,0.95,,,,,422.8284,417.1803,0.0,0.95,,,,,300.0,520.0,0.0,0.95,,,,,300.0,700.0,0.0,0.95,,,,,300.0,880.0,0.0,0.95,,,,
2.3667,300.0,200.0,0.0,0.95,,,,,300.0,350.0,0.0,0.95,,,,,401.131,446.8118,0.0,0.95,,,,,300.0,520.0,0.0,0.95,,,,,300.0,700.0,0.0,0.95,,,,,300.0,880.0,0.0,0.95,,,,
2.4,300.0,200.0,0.0,0.95,,,,,300.0,350.0,0.0,0.95,,,,,376.8751,467.0052,0.0,0.95,,,,,300.0,520.0,0.0,0.95,,,,,300.0,700.0,0.0,0.95,,,,,300.0,880.0,0.0,0.95,,,,
2.4333,300.0,200.0,0.0,0.95,,,,,300.0,350.0,0.0,0.95,,,,,355.5411,478.5114,0.0,0.95,,,,,300.0,520.0,0.0,0.95,,,,,300.0,700.0,0.0,0.95,,,,,300.0,880.0,0.0,0.95,,,,
2.4667,300.0,200.0,0.0,0.95,,,,,300.0,350.0,0.0,0.95,,,,,341.2349,483.7897,0.0,0.95,,,,,300.0,520.0,0.0,0.95,,,,,300.0,700.0,0.0,0.95,,,,,300.0,880.0,0.0,0.95,,,,
2.5,300.0,200.0,0.0,0.95,,,,,300.0,350.0,0.0,0.95,,,,,336.2347,485.2296,0.0,0.95,,,,,300.0,520.0,0.0,0.95,,,,,300.0,700.0,0.0,0.95,,,,,300.0,880.0,0.0,0.95,,,,
2.5333,300.0,200.0,0.0,0.95,,,,,300.0,350.0,0.0,0.95,,,,,336.2347,485.2296,0.0,0.95,,,,,300.0,520.0,0.0,0.95,,,,,300.0,700.0,0.0,0.95,,,,,300.0,880.0,0.0,0.95,,,,
2.5667,300.0,200.0,0.0,0.95,,,,,300.0,350.0,0.0,0.95,,,,,341.2349,483.7897,0.0,0.95,,,,,300.0,520.0,0.0,0.95,,,,,300.0,700.0,0.0,0.95,,,,,300.0,880.0,0.0,0.95,,,,
2.6,300.0,200.0,0.0,0.95,,,,,300.0,350.0,0.0,0.95,,,,,355.5411,478.5114,0.0,0.95,,,,,300.0,520.0,0.0,0.95,,,,,300.0,700.0,0.0,0.95,,,,,300.0,880.0,0.0,0.95,,,,
2.6333,300.0,200.0,0.0,0.95,,,,,300.0,350.0,0.0,0.95,,,,,376.8751,467.0052,0.0,0.95,,,,,300.0,520.0,0.0,0.95,,,,,300.0,700.0,0.0,0.95,,,,,300.0,880.0,0.0,0.95,,,,
2.6667,300.0,200.0,0.0,0.95,,,,,300.0,350.0,0.0,0.95,,,,,401.131,446.8118,0.0,0.95,,,,,300.0,520.0,0.0,0.95,,,,,300.0,700.0,0.0,0.95,,,,,300.0,880.0,0.0,0.95,,,,
2.7,300.0,200.0,0.0,0.95,,,,,300.0,350.0,0.0,0.95,,,,,422.8284,417.1803,0.0,0.95,,,,,300.0,520.0,0.0,0.95,,,,,300.0,700.0,0.0,0.95,,,,,300.0,880.0,0.0,0.95,,,,
2.7333,300.0,200.0,0.0,0.95,,,,,300.0,350.0,0.0,0.95,,,,,436.6814,380.3015,0.0,0.95,,,,,300.0,520.0,0.0,0.95,,,,,300.0,700.0,0.0,0.95,,,,,300.0,880.0,0.0,0.95,,,,
2.7667,300.0,200.0,0.0,0.95,,,,,300.0,350.0,0.0,0.95,,,,,439.7119,341.0235,0.0,0.95,,,,,300.0,520.0,0.0,0.95,,,,,300.0,700.0,0.0,0.95,,,,,300.0,880.0,0.0,0.95,,,,
2.8,300.0,200.0,0.0,0.95,,,,,300.0,350.0,0.0,0.95,,,,,432.5702,304.9985,0.0,0.95,,,,,300.0,520.0,0.0,0.95,,,,,300.0,700.0,0.0,0.95,,,,,300.0,880.0,0.0,0.95,,,,
2.8333,300.0,200.0,0.0,0.95,,,,,300.0,350.0,0.0,0.95,,,,,419.121,276.4461,0.0,0.95,,,,,300.0,520.0,0.0,0.95,,,,,300.0,700.0,0.0,0.95,,,,,300.0,880.0,0.0,0.95,,,,
2.8667,300.0,200.0,0.0,0.95,,,,,300.0,350.0,0.0,0.95,,,,,404.6486,257.0018,0.0,0.95,,,,,300.0,520.0,0.0,0.95,,,,,300.0,700.0,0.0,0.95,,,,,300.0,880.0,0.0,0.95,,,,
2.9,300.0,200.0,0.0,0.95,,,,,300.0,350.0,0.0,0.95,,,,,393.9134,246.1719,0.0,0.95,,,,,300.0,520.0,0.0,0.95,,,,,300.0,700.0,0.0,0.95,,,,,300.0,880.0,0.0,0.95,,,,
2.9333,300.0,200.0,0.0,0.95,,,,,300.0,350.0,0.0,0.95,,,,,389.9903,242.7538,0.0,0.95,,,,,300.0,520.0,0.0,0.95,,,,,300.0,700.0,0.0,0.95,,,,,300.0,880.0,0.0,0.95,,,,
2.9667,300.0,200.0,0.0,0.95,,,,,300.0,350.0,0.0,0.95,,,,,393.9134,246.1719,0.0,0.95,,,,,300.0,520.0,0.0,0.95,,,,,300.0,700.0,0.0,0.95,,,,,300.0,880.0,0.0,0.95,,,,
3.0,300.0,200.0,0.0,0.95,,,,,300.0,350.0,0.0,0.95,,,,,404.6486,257.0018,0.0,0.95,,,,,300.0,520.0,0.0,0.95,,,,,300.0,700.0,0.0,0.95,,,,,300.0,880.0,0.0,0.95,,,,
3.0333,300.0,200.0,0.0,0.95,,,,,300.0,350.0,0.0,0.95,,,,,419.121,276.4461,0.0,0.95,,,,,300.0,520.0,0.0,0.95,,,,,300.0,700.0,0.0,0.95,,,,,300.0,880.0,0.0,0.95,,,,
3.0667,300.0,200.0,0.0,0.95,,,,,300.0,350.0,0.0,0.95,,,,,432.5702,304.9985,0.0,0.95,,,,,300.0,520.0,0.0,0.95,,,,,300.0,700.0,0.0,0.95,,,,,300.0,880.0,0.0,0.95,,,,
3.1,300.0,200.0,0.0,0.95,,,,,300.0,350.0,0.0,0.95,,,,,439.7119,341.0235,0.0,0.95,,,,,300.0,520.0,0.0,0.95,,,,,300.0,700.0,0.0,0.95,,,,,300.0,880.0,0.0,0.95,,,,
3.1333,300.0,200.0,0.0,0.95,,,,,300.0,350.0,0.0,0.95,,,,,436.6814,380.3015,0.0,0.95,,,,,300.0,520.0,0.0,0.95,,,,,300.0,700.0,0.0,0.95,,,,,300.0,880.0,0.0,0.95,,,,
3.1667,300.0,200.0,0.0,0.95,,,,,300.0,350.0,0.0,0.95,,,,,422.8284,417.1803,0.0,0.95,,,,,300.0,520.0,0.0,0.95,,,,,300.0,700.0,0.0,0.95,,,,,300.0,880.0,0.0,0.95,,,,
3.2,300.0,200.0,0.0,0.95,,,,,300.0,350.0,0.0,0.95,,,,,401.131,446.8118,0.0,0.95,,,,,300.0,520.0,0.0,0.95,,,,,300.0,700.0,0.0,0.95,,,,,300.0,880.0,0.0,0.95,,,,
3.2333,300.0,200.0,0.0,0.95,,,,,300.0,350.0,0.0,0.95,,,,,376.8751,467.0052,0.0,0.95,,,,,300.0,520.0,0.0,0.95,,,,,300.0,700.0,0.0,0.95,,,,,300.0,880.0,0.0,0.95,,,,
3.2667,300.0,200.0,0.0,0.95,,,,,300.0,350.0,0.0,0.95,,,,,355.5411,478.5114,0.0,0.95,,,,,300.0,520.0,0.0,0.95,,,,,300.0,700.0,0.0,0.95,,,,,300.0,880.0,0.0,0.95,,,,
3.3,300.0,200.0,0.0,0.95,,,,,300.0,350.0,0.0,0.95,,,,,341.2349,483.7897,0.0,0.95,,,,,300.0,520.0,0.0,0.95,,,,,300.0,700.0,0.0,0.95,,,,,300.0,880.0,0.0,0.95,,,,
3.3333,300.0,200.0,0.0,0.95,,,,,300.0,350.0,0.0,0.95,,,,,336.2347,485.2296,0.0,0.95,,,,,300.0,520.0,0.0,0.95,,,,,300.0,700.0,0.0,0.95,,,,,300.0,880.0,0.0,0.95,,,,
3.3667,300.0,200.0,0.0,0.95,,,,,300.0,350.0,0.0,0.95,,,,,336.2347,485.2296,0.0,0.95,,,,,300.0,520.0,0.0,0.95,,,,,300.0,700.0,0.0,0.95,,,,,300.0,880.0,0.0,0.95,,,,
3.4,300.0,200.0,0.0,0.95,,,,,300.0,350.0,0.0,0.95,,,,,341.2349,483.7897,0.0,0.95,,,,,300.0,520.0,0.0,0.95,,,,,300.0,700.0,0.0,0.95,,,,,300.0,880.0,0.0,0.95,,,,
3.4333,300.0,200.0,0.0,0.95,,,,,300.0,350.0,0.0,0.95,,,,,355.5411,478.5114,0.0,0.95,,,,,300.0,520.0,0.0,0.95,,,,,300.0,700.0,0.0,0.95,,,,,300.0,880.0,0.0,0.95,,,,
3.4667,300.0,200.0,0.0,0.95,,,,,300.0,350.0,0.0,0.95,,,,,376.8751,467.0052,0.0,0.95,,,,,300.0,520.0,0.0,0.95,,,,,300.0,700.0,0.0,0.95,,,,,300.0,880.0,0.0,0.95,,,,
3.5,300.0,200.0,0.0,0.95,,,,,300.0,350.0,0.0,0.95,,,,,401.131,446.8118,0.0,0.95,,,,,300.0,520.0,0.0,0.95,,,,,300.0,700.0,0.0,0.95,,,,,300.0,880.0,0.0,0.95,,,,
3.5333,300.0,200.0,0.0,0.95,,,,,300.0,350.0,0.0,0.95,,,,,422.8284,417.1803,0.0,0.95,,,,,300.0,520.0,0.0,0.95,,,,,300.0,700.0,0.0,0.95,,,,,300.0,880.0,0.0,0.95,,,,
3.5667,300.0,200.0,0.0,0.95,,,,,300.0,350.0,0.0,0.95,,,,,436.6814,380.3015,0.0,0.95,,,,,300.0,520.0,0.0,0.95,,,,,300.0,700.0,0.0,0.95,,,,,300.0,880.0,0.0,0.95,,,,
3.6,300.0,200.0,0.0,0.95,,,,,300.0,350.0,0.0,0.95,,,,,439.7119,341.0235,0.0,0.95,,,,,300.0,520.0,0.0,0.95,,,,,300.0,700.0,0.0,0.95,,,,,300.0,880.0,0.0,0.95,,,,
3.6333,300.0,200.0,0.0,0.95,,,,,300.0,350.0,0.0,0.95,,,,,432.5702,304.9985,0.0,0.95,,,,,300.0,520.0,0.0,0.95,,,,,300.0,700.0,0.0,0.95,,,,,300.0,880.0,0.0,0.95,,,,
3.6667,300.0,200.0,0.0,0.95,,,,,300.0,350.0,0.0,0.95,,,,,419.121,276.4461,0.0,0.95,,,,,300.0,520.0,0.0,0.95,,,,,300.0,700.0,0.0,0.95,,,,,300.0,880.0,0.0,0.95,,,,
3.7,300.0,200.0,0.0,0.95,,,,,300.0,350.0,0.0,0.95,,,,,404.6486,257.0018,0.0,0.95,,,,,300.0,520.0,0.0,0.95,,,,,300.0,700.0,0.0,0.95,,,,,300.0,880.0,0.0,0.95,,,,
3.7333,300.0,200.0,0.0,0.95,,,,,300.0,350.0,0.0,0.95,,,,,393.9134,246.1719,0.0,0.95,,,,,300.0,520.0,0.0,0.95,,,,,300.0,700.0,0.0,0.95,,,,,300.0,880.0,0.0,0.95,,,,
3.7667,300.0,200.0,0.0,0.95,,,,,300.0,350.0,0.0,0.95,,,,,389.9903,242.7538,0.0,0.95,,,,,300.0,520.0,0.0,0.95,,,,,300.0,700.0,0.0,0.95,,,,,300.0,880.0,0.0,0.95,,,,
3.8,300.0,200.0,0.0,0.95,,,,,300.0,350.0,0.0,0.95,,,,,393.9134,246.1719,0.0,0.95,,,,,300.0,520.0,0.0,0.95,,,,,300.0,700.0,0.0,0.95,,,,,300.0,880.0,0.0,0.95,,,,
3.8333,300.0,200.0,0.0,0.95,,,,,300.0,350.0,0.0,0.95,,,,,404.6486,257.0018,0.0,0.95,,,,,300.0,520.0,0.0,0.95,,,,,300.0,700.0,0.0,0.95,,,,,300.0,880.0,0.0,0.95,,,,
3.8667,300.0,200.0,0.0,0.95,,,,,300.0,350.0,0.0,0.95,,,,,419.121,276.4461,0.0,0.95,,,,,300.0,520.0,0.0,0.95,,,,,300.0,700.0,0.0,0.95,,,,,300.0,880.0,0.0,0.95,,,,
3.9,300.0,200.0,0.0,0.95,,,,,300.0,350.0,0.0,0.95,,,,,432.5702,304.9985,0.0,0.95,,,,,300.0,520.0,0.0,0.95,,,,,300.0,700.0,0.0,0.95,,,,,300.0,880.0,0.0,0.95,,,,
3.9333,300.0,200.0,0.0,0.95,,,,,300.0,350.0,0.0,0.95,,,,,439.7119,341.0235,0.0,0.95,,,,,300.0,520.0,0.0,0.95,,,,,300.0,700.0,0.0,0.95,,,,,300.0,880.0,0.0,0.95,,,,
3.9667,300.0,200.0,0.0,0.95,,,,,300.0,350.0,0.0,0.95,,,,,436.6814,380.3015,0.0,0.95,,,,,300.0,520.0,0.0,0.95,,,,,300.0,700.0,0.0,0.95,,,,,300.0,880.0,0.0,0.95,,,,
4.0,300.0,200.0,0.0,0.95,,,,,300.0,350.0,0.0,0.95,,,,,422.8284,417.1803,0.0,0.95,,,,,300.0,520.0,0.0,0.95,,,,,300.0,700.0,0.0,0.95,,,,,300.0,880.0,0.0,0.95,,,,
4.0333,300.0,200.0,0.0,0.95,,,,,300.0,350.0,0.0,0.95,,,,,401.131,446.8118,0.0,0.95,,,,,300.0,520.0,0.0,0.95,,,,,300.0,700.0,0.0,0.95,,,,,300.0,880.0,0.0,0.95,,,,
4.0667,300.0,200.0,0.0,0.95,,,,,300.0,350.0,0.0,0.95,,,,,376.8751,467.0052,0.0,0.95,,,,,300.0,520.0,0.0,0.95,,,,,300.0,700.0,0.0,0.95,,,,,300.0,880.0,0.0,0.95,,,,
4.1,300.0,200.0,0.0,0.95,,,,,300.0,350.0,0.0,0.95,,,,,355.5411,478.5114,0.0,0.95,,,,,300.0,520.0,0.0,0.95,,,,,300.0,700.0,0.0,0.95,,,,,300.0,880.0,0.0,0.95,,,,
4.1333,300.0,200.0,0.0,0.95,,,,,300.0,350.0,0.0,0.95,,,,,341.2349,483.7897,0.0,0.95,,,,,300.0,520.0,0.0,0.95,,,,,300.0,700.0,0.0,0.95,,,,,300.0,880.0,0.0,0.95,,,,
4.1667,300.0,200.0,0.0,0.95,,,,,300.0,350.0,0.0,0.95,,,,,336.2347,485.2296,0.0,0.95,,,,,300.0,520.0,0.0,0.95,,,,,300.0,700.0,0.0,0.95,,,,,300.0,880.0,0.0,0.95,,,,
4.2,300.0,200.0,0.0,0.95,,,,,300.0,350.0,0.0,0.95,,,,,336.2347,485.2296,0.0,0.95,,,,,300.0,520.0,0.0,0.95,,,,,300.0,700.0,0.0,0.95,,,,,300.0,880.0,0.0,0.95,,,,
4.2333,300.0,200.0,0.0,0.95,,,,,300.0,350.0,0.0,0.95,,,,,341.2349,483.7897,0.0,0.95,,,,,300.0,520.0,0.0,0.95,,,,,300.0,700.0,0.0,0.95,,,,,300.0,880.0,0.0,0.95,,,,
4.2667,300.0,200.0,0.0,0.95,,,,,300.0,350.0,0.0,0.95,,,,,355.5411,478.5114,0.0,0.95,,,,,300.0,520.0,0.0,0.95,,,,,300.0,700.0,0.0,0.95,,,,,300.0,880.0,0.0,0.95,,,,
4.3,300.0,200.0,0.0,0.95,,,,,300.0,350.0,0.0,0.95,,,,,376.8751,467.0052,0.0,0.95,,,,,300.0,520.0,0.0,0.95,,,,,300.0,700.0,0.0,0.95,,,,,300.0,880.0,0.0,0.95,,,,
4.3333,300.0,200.0,0.0,0.95,,,,,300.0,350.0,0.0,0.95,,,,,401.131,446.8118,0.0,0.95,,,,,300.0,520.0,0.0,0.95,,,,,300.0,700.0,0.0,0.95,,,,,300.0,880.0,0.0,0.95,,,,
4.3667,300.0,200.0,0.0,0.95,,,,,300.0,350.0,0.0,0.95,,,,,422.8284,417.1803,0.0,0.95,,,,,300.0,520.0,0.0,0.95,,,,,300.0,700.0,0.0,0.95,,,,,300.0,880.0,0.0,0.95,,,,
4.4,300.0,200.0,0.0,0.95,,,,,300.0,350.0,0.0,0.95,,,,,436.6814,380.3015,0.0,0.95,,,,,300.0,520.0,0.0,0.95,,,,,300.0,700.0,0.0,0.95,,,,,300.0,880.0,0.0,0.95,,,,
4.4333,300.0,200.0,0.0,0.95,,,,,300.0,350.0,0.0,0.95,,,,,439.7119,341.0235,0.0,0.95,,,,,300.0,520.0,0.0,0.95,,,,,300.0,700.0,0.0,0.95,,,,,300.0,880.0,0.0,0.95,,,,
4.4667,300.0,200.0,0.0,0.95,,,,,300.0,350.0,0.0,0.95,,,,,432.5702,304.9985,0.0,0.95,,,,,300.0,520.0,0.0,0.95,,,,,300.0,700.0,0.0,0.95,,,,,300.0,880.0,0.0,0.95,,,,
4.5,300.0,200.0,0.0,0.95,,,,,300.0,350.0,0.0,0.95,,,,,419.121,276.4461,0.0,0.95,,,,,300.0,520.0,0.0,0.95,,,,,300.0,700.0,0.0,0.95,,,,,300.0,880.0,0.0,0.95,,,,
4.5333,300.0,200.0,0.0,0.95,,,,,300.0,350.0,0.0,0.95,,,,,404.6486,257.0018,0.0,0.95,,,,,300.0,520.0,0.0,0.95,,,,,300.0,700.0,0.0,0.95,,,,,300.0,880.0,0.0,0.95,,,,
4.5667,300.0,200.0,0.0,0.95,,,,,300.0,350.0,0.0,0.95,,,,,393.9134,246.1719,0.0,0.95,,,,,300.0,520.0,0.0,0.95,,,,,300.0,700.0,0.0,0.95,,,,,300.0,880.0,0.0,0.95,,,,
4.6,300.0,200.0,0.0,0.95,,,,,300.0,350.0,0.0,0.95,,,,,389.9903,242.7538,0.0,0.95,,,,,300.0,520.0,0.0,0.95,,,,,300.0,700.0,0.0,0.95,,,,,300.0,880.0,0.0,0.95,,,,
4.6333,300.0,200.0,0.0,0.95,,,,,300.0,350.0,0.0,0.95,,,,,393.9134,246.1719,0.0,0.95,,,,,300.0,520.0,0.0,0.95,,,,,300.0,700.0,0.0,0.95,,,,,300.0,880.0,0.0,0.95,,,,
4.6667,300.0,200.0,0.0,0.95,,,,,300.0,350.0,0.0,0.95,,,,,404.6486,257.0018,0.0,0.95,,,,,300.0,520.0,0.0,0.95,,,,,300.0,700.0,0.0,0.95,,,,,300.0,880.0,0.0,0.95,,,,
4.7,300.0,200.0,0.0,0.95,,,,,300.0,350.0,0.0,0.95,,,,,419.121,276.4461,0.0,0.95,,,,,300.0,520.0,0.0,0.95,,,,,300.0,700.0,0.0,0.95,,,,,300.0,880.0,0.0,0.95,,,,
4.7333,300.0,200.0,0.0,0.95,,,,,300.0,350.0,0.0,0.95,,,,,432.5702,304.9985,0.0,0.95,,,,,300.0,520.0,0.0,0.95,,,,,300.0,700.0,0.0,0.95,,,,,300.0,880.0,0.0,0.95,,,,
4.7667,300.0,200.0,0.0,0.95,,,,,300.0,350.0,0.0,0.95,,,,,439.7119,341.0235,0.0,0.95,,,,,300.0,520.0,0.0,0.95,,,,,300.0,700.0,0.0,0.95,,,,,300.0,880.0,0.0,0.95,,,,
4.8,300.0,200.0,0.0,0.95,,,,,300.0,350.0,0.0,0.95,,,,,436.6814,380.3015,0.0,0.95,,,,,300.0,520.0,0.0,0.95,,,,,300.0,700.0,0.0,0.95,,,,,300.0,880.0,0.0,0.95,,,,
4.8333,300.0,200.0,0.0,0.95,,,,,300.0,350.0,0.0,0.95,,,,,422.8284,417.1803,0.0,0.95,,,,,300.0,520.0,0.0,0.95,,,,,300.0,700.0,0.0,0.95,,,,,300.0,880.0,0.0,0.95,,,,
4.8667,300.0,200.0,0.0,0.95,,,,,300.0,350.0,0.0,0.95,,,,,401.131,446.8118,0.0,0.95,,,,,300.0,520.0,0.0,0.95,,,,,300.0,700.0,0.0,0.95,,,,,300.0,880.0,0.0,0.95,,,,
4.9,300.0,200.0,0.0,0.95,,,,,300.0,350.0,0.0,0.95,,,,,376.8751,467.0052,0.0,0.95,,,,,300.0,520.0,0.0,0.95,,,,,300.0,700.0,0.0,0.95,,,,,300.0,880.0,0.0,0.95,,,,
4.9333,300.0,200.0,0.0,0.95,,,,,300.0,350.0,0.0,0.95,,,,,355.5411,478.5114,0.0,0.95,,,,,300.0,520.0,0.0,0.95,,,,,300.0,700.0,0.0,0.95,,,,,300.0,880.0,0.0,0.95,,,,
4.9667,300.0,200.0,0.0,0.95,,,,,300.0,350.0,0.0,0.95,,,,,341.2349,483.7897,0.0,0.95,,,,,300.0,520.0,0.0,0.95,,,,,300.0,700.0,0.0,0.95,,,,,300.0,880.0,0.0,0.95,,,,
5.0,300.0,200.0,0.0,0.95,,,,,300.0,350.0,0.0,0.95,,,,,336.2347,485.2296,0.0,0.95,,,,,300.0,520.0,0.0,0.95,,,,,300.0,700.0,0.0,0.95,,,,,300.0,880.0,0.0,0.95,,,,
5.0333,300.0,200.0,0.0,0.95,,,,,300.0,350.0,0.0,0.95,,,,,336.2347,485.2296,0.0,0.95,,,,,300.0,520.0,0.0,0.95,,,,,300.0,700.0,0.0,0.95,,,,,300.0,880.0,0.0,0.95,,,,
5.0667,300.0,200.0,0.0,0.95,,,,,300.0,350.0,0.0,0.95,,,,,341.2349,483.7897,0.0,0.95,,,,,300.0,520.0,0.0,0.95,,,,,300.0,700.0,0.0,0.95,,,,,300.0,880.0,0.0,0.95,,,,
5.1,300.0,200.0,0.0,0.95,,,,,300.0,350.0,0.0,0.95,,,,,355.5411,478.5114,0.0,0.95,,,,,300.0,520.0,0.0,0.95,,,,,300.0,700.0,0.0,0.95,,,,,300.0,880.0,0.0,0.95,,,,
5.1333,300.0,200.0,0.0,0.95,,,,,300.0,350.0,0.0,0.95,,,,,376.8751,467.0052,0.0,0.95,,,,,300.0,520.0,0.0,0.95,,,,,300.0,700.0,0.0,0.95,,,,,300.0,880.0,0.0,0.95,,,,
5.1667,300.0,200.0,0.0,0.95,,,,,300.0,350.0,0.0,0.95,,,,,401.131,446.8118,0.0,0.95,,,,,300.0,520.0,0.0,0.95,,,,,300.0,700.0,0.0,0.95,,,,,300.0,880.0,0.0,0.95,,,,
5.2,300.0,200.0,0.0,0.95,,,,,300.0,350.0,0.0,0.95,,,,,422.8284,417.1803,0.0,0.95,,,,,300.0,520.0,0.0,0.95,,,,,300.0,700.0,0.0,0.95,,,,,300.0,880.0,0.0,0.95,,,,
5.2333,300.0,200.0,0.0,0.95,,,,,300.0,350.0,0.0,0.95,,,,,436.6814,380.3015,0.0,0.95,,,,,300.0,520.0,0.0,0.95,,,,,300.0,700.0,0.0,0.95,,,,,300.0,880.0,0.0,0.95,,,,
5.2667,300.0,200.0,0.0,0.95,,,,,300.0,350.0,0.0,0.95,,,,,439.7119,341.0235,0.0,0.95,,,,,300.0,520.0,0.0,0.95,,,,,300.0,700.0,0.0,0.95,,,,,300.0,880.0,0.0,0.95,,,,
5.3,300.0,200.0,0.0,0.95,,,,,300.0,350.0,0.0,0.95,,,,,432.5702,304.9985,0.0,0.95,,,,,300.0,520.0,0.0,0.95,,,,,300.0,700.0,0.0,0.95,,,,,300.0,880.0,0.0,0.95,,,,
5.3333,300.0,200.0,0.0,0.95,,,,,300.0,350.0,0.0,0.95,,,,,419.121,276.4461,0.0,0.95,,,,,300.0,520.0,0.0,0.95,,,,,300.0,700.0,0.0,0.95,,,,,300.0,880.0,0.0,0.95,,,,
5.3667,300.0,200.0,0.0,0.95,,,,,300.0,350.0,0.0,0.95,,,,,404.6486,257.0018,0.0,0.95,,,,,300.0,520.0,0.0,0.95,,,,,300.0,700.0,0.0,0.95,,,,,300.0,880.0,0.0,0.95,,,,
5.4,300.0,200.0,0.0,0.95,,,,,300.0,350.0,0.0,0.95,,,,,393.9134,246.1719,0.0,0.95,,,,,300.0,520.0,0.0,0.95,,,,,300.0,700.0,0.0,0.95,,,,,300.0,880.0,0.0,0.95,,,,
5.4333,300.0,200.0,0.0,0.95,,,,,300.0,350.0,0.0,0.95,,,,,389.9903,242.7538,0.0,0.95,,,,,300.0,520.0,0.0,0.95,,,,,300.0,700.0,0.0,0.95,,,,,300.0,880.0,0.0,0.95,,,,
5.4667,300.0,200.0,0.0,0.95,,,,,300.0,350.0,0.0,0.95,,,,,393.9134,246.1719,0.0,0.95,,,,,300.0,520.0,0.0,0.95,,,,,300.0,700.0,0.0,0.95,,,,,300.0,880.0,0.0,0.95,,,,
5.5,300.0,200.0,0.0,0.95,,,,,300.0,350.0,0.0,0.95,,,,,404.6486,257.0018,0.0,0.95,,,,,300.0,520.0,0.0,0.95,,,,,300.0,700.0,0.0,0.95,,,,,300.0,880.0,0.0,0.95,,,,
5.5333,300.0,200.0,0.0,0.95,,,,,300.0,350.0,0.0,0.95,,,,,419.121,276.4461,0.0,0.95,,,,,300.0,520.0,0.0,0.95,,,,,300.0,700.0,0.0,0.95,,,,,300.0,880.0,0.0,0.95,,,,
5.5667,300.0,200.0,0.0,0.95,,,,,300.0,350.0,0.0,0.95,,,,,432.5702,304.9985,0.0,0.95,,,,,300.0,520.0,0.0,0.95,,,,,300.0,700.0,0.0,0.95,,,,,300.0,880.0,0.0,0.95,,,,
5.6,300.0,200.0,0.0,0.95,,,,,300.0,350.0,0.0,0.95,,,,,439.7119,341.0235,0.0,0.95,,,,,300.0,520.0,0.0,0.95,,,,,300.0,700.0,0.0,0.95,,,,,300.0,880.0,0.0,0.95,,,,
5.6333,300.0,200.0,0.0,0.95,,,,,300.0,350.0,0.0,0.95,,,,,436.6814,380.3015,0.0,0.95,,,,,300.0,520.0,0.0,0.95,,,,,300.0,700.0,0.0,0.95,,,,,300.0,880.0,0.0,0.95,,,,
5.6667,300.0,200.0,0.0,0.95,,,,,300.0,350.0,0.0,0.95,,,,,422.8284,417.1803,0.0,0.95,,,,,300.0,520.0,0.0,0.95,,,,,300.0,700.0,0.0,0.95,,,,,300.0,880.0,0.0,0.95,,,,
5.7,300.0,200.0,0.0,0.95,,,,,300.0,350.0,0.0,0.95,,,,,401.131,446.8118,0.0,0.95,,,,,300.0,520.0,0.0,0.95,,,,,300.0,700.0,0.0,0.95,,,,,300.0,880.0,0.0,0.95,,,,
5.7333,300.0,200.0,0.0,0.95,,,,,300.0,350.0,0.0,0.95,,,,,376.8751,467.0052,0.0,0.95,,,,,300.0,520.0,0.0,0.95,,,,,300.0,700.0,0.0,0.95,,,,,300.0,880.0,0.0,0.95,,,,
5.7667,300.0,200.0,0.0,0.95,,,,,300.0,350.0,0.0,0.95,,,,,355.5411,478.5114,0.0,0.95,,,,,300.0,520.0,0.0,0.95,,,,,300.0,700.0,0.0,0.95,,,,,300.0,880.0,0.0,0.95,,,,
5.8,300.0,200.0,0.0,0.95,,,,,300.0,350.0,0.0,0.95,,,,,341.2349,483.7897,0.0,0.95,,,,,300.0,520.0,0.0,0.95,,,,,300.0,700.0,0.0,0.95,,,,,300.0,880.0,0.0,0.95,,,,
5.8333,300.0,200.0,0.0,0.95,,,,,300.0,350.0,0.0,0.95,,,,,336.2347,485.2296,0.0,0.95,,,,,300.0,520.0,0.0,0.95,,,,,300.0,700.0,0.0,0.95,,,,,300.0,880.0,0.0,0.95,,,,
5.8667,300.0,200.0,0.0,0.95,,,,,300.0,350.0,0.0,0.95,,,,,336.2347,485.2296,0.0,0.95,,,,,300.0,520.0,0.0,0.95,,,,,300.0,700.0,0.0,0.95,,,,,300.0,880.0,0.0,0.95,,,,
5.9,300.0,200.0,0.0,0.95,,,,,300.0,350.0,0.0,0.95,,,,,341.2349,483.7897,0.0,0.95,,,,,300.0,520.0,0.0,0.95,,,,,300.0,700.0,0.0,0.95,,,,,300.0,880.0,0.0,0.95,,,,
5.9333,300.0,200.0,0.0,0.95,,,,,300.0,350.0,0.0,0.95,,,,,355.5411,478.5114,0.0,0.95,,,,,300.0,520.0,0.0,0.95,,,,,300.0,700.0,0.0,0.95,,,,,300.0,880.0,0.0,0.95,,,,
5.9667,300.0,200.0,0.0,0.95,,,,,300.0,350.0,0.0,0.95,,,,,376.8751,467.0052,0.0,0.95,,,,,300.0,520.0,0.0,0.95,,,,,300.0,700.0,0.0,0.95,,,,,300.0,880.0,0.0,0.95,,,,
6.0,300.0,200.0,0.0,0.95,,,,,300.0,350.0,0.0,0.95,,,,,401.131,446.8118,0.0,0.95,,,,,300.0,520.0,0.0,0.95,,,,,300.0,700.0,0.0,0.95,,,,,300.0,880.0,0.0,0.95,,,,
6.0333,300.0,200.0,0.0,0.95,,,,,300.0,350.0,0.0,0.95,,,,,422.8284,417.1803,0.0,0.95,,,,,300.0,520.0,0.0,0.95,,,,,300.0,700.0,0.0,0.95,,,,,300.0,880.0,0.0,0.95,,,,
6.0667,300.0,200.0,0.0,0.95,,,,,300.0,350.0,0.0,0.95,,,,,436.6814,380.3015,0.0,0.95,,,,,300.0,520.0,0.0,0.95,,,,,300.0,700.0,0.0,0.95,,,,,300.0,880.0,0.0,0.95,,,,
6.1,300.0,200.0,0.0,0.95,,,,,300.0,350.0,0.0,0.95,,,,,439.7119,341.0235,0.0,0.95,,,,,300.0,520.0,0.0,0.95,,,,,300.0,700.0,0.0,0.95,,,,,300.0,880.0,0.0,0.95,,,,
6.1333,300.0,200.0,0.0,0.95,,,,,300.0,350.0,0.0,0.95,,,,,432.5702,304.9985,0.0,0.95,,,,,300.0,520.0,0.0,0.95,,,,,300.0,700.0,0.0,0.95,,,,,300.0,880.0,0.0,0.95,,,,
6.1667,300.0,200.0,0.0,0.95,,,,,300.0,350.0,0.0,0.95,,,,,419.121,276.4461,0.0,0.95,,,,,300.0,520.0,0.0,0.95,,,,,300.0,700.0,0.0,0.95,,,,,300.0,880.0,0.0,0.95,,,,
6.2,300.0,200.0,0.0,0.95,,,,,300.0,350.0,0.0,0.95,,,,,404.6486,257.0018,0.0,0.95,,,,,300.0,520.0,0.0,0.95,,,,,300.0,700.0,0.0,0.95,,,,,300.0,880.0,0.0,0.95,,,,
6.2333,300.0,200.0,0.0,0.95,,,,,300.0,350.0,0.0,0.95,,,,,393.9134,246.1719,0.0,0.95,,,,,300.0,520.0,0.0,0.95,,,,,300.0,700.0,0.0,0.95,,,,,300.0,880.0,0.0,0.95,,,,
6.2667,300.0,200.0,0.0,0.95,,,,,300.0,350.0,0.0,0.95,,,,,389.9903,242.7538,0.0,0.95,,,,,300.0,520.0,0.0,0.95,,,,,300.0,700.0,0.0,0.95,,,,,300.0,880.0,0.0,0.95,,,,
6.3,300.0,200.0,0.0,0.95,,,,,300.0,350.0,0.0,0.95,,,,,393.9134,246.1719,0.0,0.95,,,,,300.0,520.0,0.0,0.95,,,,,300.0,700.0,0.0,0.95,,,,,300.0,880.0,0.0,0.95,,,,
6.3333,300.0,200.0,0.0,0.95,,,,,300.0,350.0,0.0,0.95,,,,,404.6486,257.0018,0.0,0.95,,,,,300.0,520.0,0.0,0.95,,,,,300.0,700.0,0.0,0.95,,,,,300.0,880.0,0.0,0.95,,,,
6.3667,300.0,200.0,0.0,0.95,,,,,300.0,350.0,0.0,0.95,,,,,419.121,276.4461,0.0,0.95,,,,,300.0,520.0,0.0,0.95,,,,,300.0,700.0,0.0,0.95,,,,,300.0,880.0,0.0,0.95,,,,
6.4,300.0,200.0,0.0,0.95,,,,,300.0,350.0,0.0,0.95,,,,,432.5702,304.9985,0.0,0.95,,,,,300.0,520.0,0.0,0.95,,,,,300.0,700.0,0.0,0.95,,,,,300.0,880.0,0.0,0.95,,,,
6.4333,300.0,200.0,0.0,0.95,,,,,300.0,350.0,0.0,0.95,,,,,439.7119,341.0235,0.0,0.95,,,,,300.0,520.0,0.0,0.95,,,,,300.0,700.0,0.0,0.95,,,,,300.0,880.0,0.0,0.95,,,,
6.4667,300.0,200.0,0.0,0.95,,,,,300.0,350.0,0.0,0.95,,,,,436.6814,380.3015,0.0,0.95,,,,,300.0,520.0,0.0,0.95,,,,,300.0,700.0,0.0,0.95,,,,,300.0,880.0,0.0,0.95,,,,
6.5,300.0,200.0,0.0,0.95,,,,,300.0,350.0,0.0,0.95,,,,,422.8284,417.1803,0.0,0.95,,,,,300.0,520.0,0.0,0.95,,,,,300.0,700.0,0.0,0.95,,,,,300.0,880.0,0.0,0.95,,,,
6.5333,300.0,200.0,0.0,0.95,,,,,300.0,350.0,0.0,0.95,,,,,401.131,446.8118,0.0,0.95,,,,,300.0,520.0,0.0,0.95,,,,,300.0,700.0,0.0,0.95,,,,,300.0,880.0,0.0,0.95,,,,
6.5667,300.0,200.0,0.0,0.95,,,,,300.0,350.0,0.0,0.95,,,,,376.8751,467.0052,0.0,0.95,,,,,300.0,520.0,0.0,0.95,,,,,300.0,700.0,0.0,0.95,,,,,300.0,880.0,0.0,0.95,,,,
6.6,300.0,200.0,0.0,0.95,,,,,300.0,350.0,0.0,0.95,,,,,355.5411,478.5114,0.0,0.95,,,,,300.0,520.0,0.0,0.95,,,,,300.0,700.0,0.0,0.95,,,,,300.0,880.0,0.0,0.95,,,,
6.6333,300.0,200.0,0.0,0.95,,,,,300.0,350.0,0.0,0.95,,,,,341.2349,483.7897,0.0,0.95,,,,,300.0,520.0,0.0,0.95,,,,,300.0,700.0,0.0,0.95,,,,,300.0,880.0,0.0,0.95,,,,
6.6667,300.0,200.0,0.0,0.95,,,,,300.0,350.0,0.0,0.95,,,,,336.2347,485.2296,0.0,0.95,,,,,300.0,520.0,0.0,0.95,,,,,300.0,700.0,0.0,0.95,,,,,300.0,880.0,0.0,0.95,,,,
6.7,300.0,200.0,0.0,0.95,,,,,300.0,350.0,0.0,0.95,,,,,336.2347,485.2296,0.0,0.95,,,,,300.0,520.0,0.0,0.95,,,,,300.0,700.0,0.0,0.95,,,,,300.0,880.0,0.0,0.95,,,,
6.7333,300.0,200.0,0.0,0.95,,,,,300.0,350.0,0.0,0.95,,,,,341.2349,483.7897,0.0,0.95,,,,,300.0,520.0,0.0,0.95,,,,,300.0,700.0,0.0,0.95,,,,,300.0,880.0,0.0,0.95,,,,
6.7667,300.0,200.0,0.0,0.95,,,,,300.0,350.0,0.0,0.95,,,,,355.5411,478.5114,0.0,0.95,,,,,300.0,520.0,0.0,0.95,,,,,300.0,700.0,0.0,0.95,,,,,300.0,880.0,0.0,0.95,,,,
6.8,300.0,200.0,0.0,0.95,,,,,300.0,350.0,0.0,0.95,,,,,376.8751,467.0052,0.0,0.95,,,,,300.0,520.0,0.0,0.95,,,,,300.0,700.0,0.0,0.95,,,,,300.0,880.0,0.0,0.95,,,,
6.8333,300.0,200.0,0.0,0.95,,,,,300.0,350.0,0.0,0.95,,,,,401.131,446.8118,0.0,0.95,,,,,300.0,520.0,0.0,0.95,,,,,300.0,700.0,0.0,0.95,,,,,300.0,880.0,0.0,0.95,,,,
6.8667,300.0,200.0,0.0,0.95,,,,,300.0,350.0,0.0,0.95,,,,,422.8284,417.1803,0.0,0.95,,,,,300.0,520.0,0.0,0.95,,,,,300.0,700.0,0.0,0.95,,,,,300.0,880.0,0.0,0.95,,,,
6.9,300.0,200.0,0.0,0.95,,,,,300.0,350.0,0.0,0.95,,,,,436.6814,380.3015,0.0,0.95,,,,,300.0,520.0,0.0,0.95,,,,,300.0,700.0,0.0,0.95,,,,,300.0,880.0,0.0,0.95,,,,
6.9333,300.0,200.0,0.0,0.95,,,,,300.0,350.0,0.0,0.95,,,,,439.7119,341.0235,0.0,0.95,,,,,300.0,520.0,0.0,0.95,,,,,300.0,700.0,0.0,0.95,,,,,300.0,880.0,0.0,0.95,,,,
6.9667,300.0,200.0,0.0,0.95,,,,,300.0,350.0,0.0,0.95,,,,,432.5702,304.9985,0.0,0.95,,,,,300.0,520.0,0.0,0.95,,,,,300.0,700.0,0.0,0.95,,,,,300.0,880.0,0.0,0.95,,,,
7.0,300.0,200.0,0.0,0.95,,,,,300.0,350.0,0.0,0.95,,,,,419.121,276.4461,0.0,0.95,,,,,300.0,520.0,0.0,0.95,,,,,300.0,700.0,0.0,0.95,,,,,300.0,880.0,0.0,0.95,,,,
7.0333,300.0,200.0,0.0,0.95,,,,,300.0,350.0,0.0,0.95,,,,,404.6486,257.0018,0.0,0.95,,,,,300.0,520.0,0.0,0.95,,,,,300.0,700.0,0.0,0.95,,,,,300.0,880.0,0.0,0.95,,,,
7.0667,300.0,200.0,0.0,0.95,,,,,300.0,350.0,0.0,0.95,,,,,393.9134,246.1719,0.0,0.95,,,,,300.0,520.0,0.0,0.95,,,,,300.0,700.0,0.0,0.95,,,,,300.0,880.0,0.0,0.95,,,,
7.1,300.0,200.0,0.0,0.95,,,,,300.0,350.0,0.0,0.95,,,,,389.9903,242.7538,0.0,0.95,,,,,300.0,520.0,0.0,0.95,,,,,300.0,700.0,0.0,0.95,,,,,300.0,880.0,0.0,0.95,,,,
7.1333,300.0,200.0,0.0,0.95,,,,,300.0,350.0,0.0,0.95,,,,,393.9134,246.1719,0.0,0.95,,,,,300.0,520.0,0.0,0.95,,,,,300.0,700.0,0.0,0.95,,,,,300.0,880.0,0.0,0.95,,,,
7.1667,300.0,200.0,0.0,0.95,,,,,300.0,350.0,0.0,0.95,,,,,404.6486,257.0018,0.0,0.95,,,,,300.0,520.0,0.0,0.95,,,,,300.0,700.0,0.0,0.95,,,,,300.0,880.0,0.0,0.95,,,,
7.2,300.0,200.0,0.0,0.95,,,,,300.0,350.0,0.0,0.95,,,,,419.121,276.4461,0.0,0.95,,,,,300.0,520.0,0.0,0.95,,,,,300.0,700.0,0.0,0.95,,,,,300.0,880.0,0.0,0.95,,,,
7.2333,300.0,200.0,0.0,0.95,,,,,300.0,350.0,0.0,0.95,,,,,432.5702,304.9985,0.0,0.95,,,,,300.0,520.0,0.0,0.95,,,,,300.0,700.0,0.0,0.95,,,,,300.0,880.0,0.0,0.95,,,,
7.2667,300.0,200.0,0.0,0.95,,,,,300.0,350.0,0.0,0.95,,,,,439.7119,341.0235,0.0,0.95,,,,,300.0,520.0,0.0,0.95,,,,,300.0,700.0,0.0,0.95,,,,,300.0,880.0,0.0,0.95,,,,
7.3,300.0,200.0,0.0,0.95,,,,,300.0,350.0,0.0,0.95,,,,,436.6814,380.3015,0.0,0.95,,,,,300.0,520.0,0.0,0.95,,,,,300.0,700.0,0.0,0.95,,,,,300.0,880.0,0.0,0.95,,,,
7.3333,300.0,200.0,0.0,0.95,,,,,300.0,350.0,0.0,0.95,,,,,422.8284,417.1803,0.0,0.95,,,,,300.0,520.0,0.0,0.95,,,,,300.0,700.0,0.0,0.95,,,,,300.0,880.0,0.0,0.95,,,,
7.3667,300.0,200.0,0.0,0.95,,,,,300.0,350.0,0.0,0.95,,,,,401.131,446.8118,0.0,0.95,,,,,300.0,520.0,0.0,0.95,,,,,300.0,700.0,0.0,0.95,,,,,300.0,880.0,0.0,0.95,,,,
7.4,300.0,200.0,0.0,0.95,,,,,300.0,350.0,0.0,0.95,,,,,376.8751,467.0052,0.0,0.95,,,,,300.0,520.0,0.0,0.95,,,,,300.0,700.0,0.0,0.95,,,,,300.0,880.0,0.0,0.95,,,,
7.4333,300.0,200.0,0.0,0.95,,,,,300.0,350.0,0.0,0.95,,,,,355.5411,478.5114,0.0,0.95,,,,,300.0,520.0,0.0,0.95,,,,,300.0,700.0,0.0,0.95,,,,,300.0,880.0,0.0,0.95,,,,
7.4667,300.0,200.0,0.0,0.95,,,,,300.0,350.0,0.0,0.95,,,,,341.2349,483.7897,0.0,0.95,,,,,300.0,520.0,0.0,0.95,,,,,300.0,700.0,0.0,0.95,,,,,300.0,880.0,0.0,0.95,,,,
7.5,300.0,200.0,0.0,0.95,,,,,300.0,350.0,0.0,0.95,,,,,336.2347,485.2296,0.0,0.95,,,,,300.0,520.0,0.0,0.95,,,,,300.0,700.0,0.0,0.95,,,,,300.0,880.0,0.0,0.95,,,,
7.5333,300.0,200.0,0.0,0.95,,,,,300.0,350.0,0.0,0.95,,,,,336.2347,485.2296,0.0,0.95,,,,,300.0,520.0,0.0,0.95,,,,,300.0,700.0,0.0,0.95,,,,,300.0,880.0,0.0,0.95,,,,
7.5667,300.0,200.0,0.0,0.95,,,,,300.0,350.0,0.0,0.95,,,,,341.2349,483.7897,0.0,0.95,,,,,300.0,520.0,0.0,0.95,,,,,300.0,700.0,0.0,0.95,,,,,300.0,880.0,0.0,0.95,,,,
7.6,300.0,200.0,0.0,0.95,,,,,300.0,350.0,0.0,0.95,,,,,355.5411,478.5114,0.0,0.95,,,,,300.0,520.0,0.0,0.95,,,,,300.0,700.0,0.0,0.95,,,,,300.0,880.0,0.0,0.95,,,,
7.6333,300.0,200.0,0.0,0.95,,,,,300.0,350.0,0.0,0.95,,,,,376.8751,467.0052,0.0,0.95,,,,,300.0,520.0,0.0,0.95,,,,,300.0,700.0,0.0,0.95,,,,,300.0,880.0,0.0,0.95,,,,
7.6667,300.0,200.0,0.0,0.95,,,,,300.0,350.0,0.0,0.95,,,,,401.131,446.8118,0.0,0.95,,,,,300.0,520.0,0.0,0.95,,,,,300.0,700.0,0.0,0.95,,,,,300.0,880.0,0.0,0.95,,,,
7.7,300.0,200.0,0.0,0.95,,,,,300.0,350.0,0.0,0.95,,,,,422.8284,417.1803,0.0,0.95,,,,,300.0,520.0,0.0,0.95,,,,,300.0,700.0,0.0,0.95,,,,,300.0,880.0,0.0,0.95,,,,
7.7333,300.0,200.0,0.0,0.95,,,,,300.0,350.0,0.0,0.95,,,,,436.6814,380.3015,0.0,0.95,,,,,300.0,520.0,0.0,0.95,,,,,300.0,700.0,0.0,0.95,,,,,300.0,880.0,0.0,0.95,,,,
7.7667,300.0,200.0,0.0,0.95,,,,,300.0,350.0,0.0,0.95,,,,,439.7119,341.0235,0.0,0.95,,,,,300.0,520.0,0.0,0.95,,,,,300.0,700.0,0.0,0.95,,,,,300.0,880.0,0.0,0.95,,,,
7.8,300.0,200.0,0.0,0.95,,,,,300.0,350.0,0.0,0.95,,,,,432.5702,304.9985,0.0,0.95,,,,,300.0,520.0,0.0,0.95,,,,,300.0,700.0,0.0,0.95,,,,,300.0,880.0,0.0,0.95,,,,
7.8333,300.0,200.0,0.0,0.95,,,,,300.0,350.0,0.0,0.95,,,,,419.121,276.4461,0.0,0.95,,,,,300.0,520.0,0.0,0.95,,,,,300.0,700.0,0.0,0.95,,,,,300.0,880.0,0.0,0.95,,,,
7.8667,300.0,200.0,0.0,0.95,,,,,300.0,350.0,0.0,0.95,,,,,404.6486,257.0018,0.0,0.95,,,,,300.0,520.0,0.0,0.95,,,,,300.0,700.0,0.0,0.95,,,,,300.0,880.0,0.0,0.95,,,,
7.9,300.0,200.0,0.0,0.95,,,,,300.0,350.0,0.0,0.95,,,,,393.9134,246.1719,0.0,0.95,,,,,300.0,520.0,0.0,0.95,,,,,300.0,700.0,0.0,0.95,,,,,300.0,880.0,0.0,0.95,,,,
7.9333,300.0,200.0,0.0,0.95,,,,,300.0,350.0,0.0,0.95,,,,,389.9903,242.7538,0.0,0.95,,,,,300.0,520.0,0.0,0.95,,,,,300.0,700.0,0.0,0.95,,,,,300.0,880.0,0.0,0.95,,,,
7.9667,300.0,200.0,0.0,0.95,,,,,300.0,350.0,0.0,0.95,,,,,393.9134,246.1719,0.0,0.95,,,,,300.0,520.0,0.0,0.95,,,,,300.0,700.0,0.0,0.95,,,,,300.0,880.0,0.0,0.95,,,,
8.0,300.0,200.0,0.0,0.95,,,,,300.0,350.0,0.0,0.95,,,,,404.6486,257.0018,0.0,0.95,,,,,300.0,520.0,0.0,0.95,,,,,300.0,700.0,0.0,0.95,,,,,300.0,880.0,0.0,0.95,,,,
8.0333,300.0,200.0,0.0,0.95,,,,,300.0,350.0,0.0,0.95,,,,,419.121,276.4461,0.0,0.95,,,,,300.0,520.0,0.0,0.95,,,,,300.0,700.0,0.0,0.95,,,,,300.0,880.0,0.0,0.95,,,,
8.0667,300.0,200.0,0.0,0.95,,,,,300.0,350.0,0.0,0.95,,,,,432.5702,304.9985,0.0,0.95,,,,,300.0,520.0,0.0,0.95,,,,,300.0,700.0,0.0,0.95,,,,,300.0,880.0,0.0,0.95,,,,
8.1,300.0,200.0,0.0,0.95,,,,,300.0,350.0,0.0,0.95,,,,,439.7119,341.0235,0.0,0.95,,,,,300.0,520.0,0.0,0.95,,,,,300.0,700.0,0.0,0.95,,,,,300.0,880.0,0.0,0.95,,,,
8.1333,300.0,200.0,0.0,0.95,,,,,300.0,350.0,0.0,0.95,,,,,436.6814,380.3015,0.0,0.95,,,,,300.0,520.0,0.0,0.95,,,,,300.0,700.0,0.0,0.95,,,,,300.0,880.0,0.0,0.95,,,,
8.1667,300.0,200.0,0.0,0.95,,,,,300.0,350.0,0.0,0.95,,,,,422.8284,417.1803,0.0,0.95,,,,,300.0,520.0,0.0,0.95,,,,,300.0,700.0,0.0,0.95,,,,,300.0,880.0,0.0,0.95,,,,
8.2,300.0,200.0,0.0,0.95,,,,,300.0,350.0,0.0,0.95,,,,,401.131,446.8118,0.0,0.95,,,,,300.0,520.0,0.0,0.95,,,,,300.0,700.0,0.0,0.95,,,,,300.0,880.0,0.0,0.95,,,,
8.2333,300.0,200.0,0.0,0.95,,,,,300.0,350.0,0.0,0.95,,,,,376.8751,467.0052,0.0,0.95,,,,,300.0,520.0,0.0,0.95,,,,,300.0,700.0,0.0,0.95,,,,,300.0,880.0,0.0,0.95,,,,
8.2667,300.0,200.0,0.0,0.95,,,,,300.0,350.0,0.0,0.95,,,,,355.5411,478.5114,0.0,0.95,,,,,300.0,520.0,0.0,0.95,,,,,300.0,700.0,0.0,0.95,,,,,300.0,880.0,0.0,0.95,,,,
8.3,300.0,200.0,0.0,0.95,,,,,300.0,350.0,0.0,0.95,,,,,341.2349,483.7897,0.0,0.95,,,,,300.0,520.0,0.0,0.95,,,,,300.0,700.0,0.0,0.95,,,,,300.0,880.0,0.0,0.95,,,,
