time,counter,side,raw_angle,smooth_angle,visibility,state,count,partials
0.0,auto,left,94.86,94.86,0.987,waiting,0,0
0.0402,auto,left,94.79,94.83,0.988,waiting,0,0
0.0805,auto,left,96.47,95.49,0.988,waiting,0,0
0.1207,auto,left,94.97,95.28,0.989,waiting,0,0
0.161,auto,left,94.74,95.06,0.988,waiting,0,0
0.2012,auto,left,94.58,94.87,0.989,waiting,0,0
0.2415,auto,left,93.21,94.21,0.989,waiting,0,0
0.2817,auto,left,91.86,93.27,0.99,waiting,0,0
0.322,auto,left,91.26,92.47,0.99,waiting,0,0
0.3622,auto,left,91.11,91.92,0.99,waiting,0,0
0.4025,auto,left,93.43,92.52,0.989,waiting,0,0
0.4427,auto,left,94.11,93.16,0.987,waiting,0,0
0.4829,auto,left,94.77,93.8,0.988,waiting,0,0
0.5232,auto,left,95.81,94.61,0.988,waiting,0,0
0.5634,auto,left,99.14,96.42,0.989,waiting,0,0
0.6037,auto,left,101.9,98.61,0.99,waiting,0,0
0.6439,auto,left,109.53,102.98,0.99,waiting,0,0
0.6842,auto,left,120.76,110.09,0.991,waiting,0,0
0.7244,auto,left,130.73,118.35,0.992,waiting,0,0
0.7647,auto,left,142.09,127.84,0.992,waiting,0,0
0.8049,auto,left,144.27,134.41,0.992,waiting,0,0
0.8452,auto,left,151.3,141.17,0.992,waiting,0,0
0.8854,auto,left,155.33,146.83,0.992,waiting,0,0
0.9256,auto,left,164.15,153.76,0.991,extended,0,0
0.9659,auto,left,168.46,159.64,0.986,extended,0,0
1.0061,auto,left,170.46,163.97,0.985,extended,0,0
1.0464,auto,left,175.24,168.47,0.981,extended,0,0
1.0866,auto,left,176.05,171.51,0.978,extended,0,0
1.1269,auto,left,176.83,173.64,0.972,extended,0,0
1.1671,auto,left,176.37,174.73,0.968,extended,0,0
1.2074,auto,left,175.96,175.22,0.967,extended,0,0
1.2476,auto,left,176.3,175.65,0.968,extended,0,0
1.2879,auto,left,174.91,175.36,0.968,extended,0,0
1.3281,auto,left,173.19,174.49,0.969,extended,0,0
1.3684,auto,left,173.1,173.93,0.97,extended,0,0
1.4086,auto,left,172.91,173.52,0.97,extended,0,0
1.4488,auto,left,169.85,172.05,0.971,extended,0,0
1.4891,auto,left,169.86,171.18,0.972,extended,0,0
1.5293,auto,left,169.1,170.35,0.973,extended,0,0
1.5696,auto,left,168.33,169.54,0.974,extended,0,0
1.6098,auto,left,167.83,168.86,0.975,extended,0,0
1.6501,auto,left,166.34,167.85,0.976,extended,0,0
1.6903,auto,left,165.99,167.11,0.977,extended,0,0
1.7306,auto,left,165.28,166.38,0.979,extended,0,0
1.7708,auto,left,164.54,165.64,0.979,extended,0,0
1.8111,auto,left,163.05,164.61,0.98,extended,0,0
1.8513,auto,left,161.55,163.38,0.98,extended,0,0
1.8915,auto,left,158.15,161.29,0.981,extended,0,0
1.9318,auto,left,153.03,157.99,0.981,extended,0,0
1.972,auto,left,146.69,153.47,0.98,extended,0,0
2.0123,auto,left,137.97,147.27,0.979,extended,0,0
2.0525,auto,left,130.09,140.4,0.979,extended,0,0
2.0928,auto,left,119.28,131.95,0.98,extended,0,0
2.133,auto,left,109.12,122.82,0.979,extended,0,0
2.1733,auto,left,98.42,113.06,0.979,extended,0,0
2.2135,auto,left,89.29,103.55,0.976,extended,0,0
2.2538,auto,left,82.23,95.02,0.974,extended,0,0
2.294,auto,left,75.14,87.07,0.975,extended,0,0
2.3342,auto,left,67.51,79.25,0.971,extended,0,0
2.3745,auto,left,62.54,72.56,0.967,extended,0,0
2.4147,auto,left,58.18,66.81,0.967,extended,0,0
2.455,auto,left,51.33,60.62,0.967,extended,0,0
2.4952,auto,left,46.59,55.01,0.966,flexed,0,0
2.5355,auto,left,42.11,49.85,0.96,flexed,0,0
2.5757,auto,left,40.48,46.1,0.956,flexed,0,0
2.616,auto,left,38.82,43.19,0.953,flexed,0,0
2.6562,auto,left,38.88,41.46,0.949,flexed,0,0
2.6965,auto,left,39.91,40.84,0.945,flexed,0,0
2.7367,auto,left,41.46,41.09,0.939,flexed,0,0
2.7769,auto,left,44.89,42.61,0.939,flexed,0,0
2.8172,auto,left,48.46,44.95,0.936,flexed,0,0
2.8574,auto,left,53.46,48.35,0.938,flexed,0,0
2.8977,auto,left,58.2,52.29,0.939,flexed,0,0
2.9379,auto,left,64.58,57.21,0.939,flexed,0,0
2.9782,auto,left,71.72,63.01,0.94,flexed,0,0
3.0184,auto,left,76.51,68.41,0.943,flexed,0,0
3.0587,auto,left,86.25,75.55,0.945,flexed,0,0
3.0989,auto,left,95.45,83.51,0.95,flexed,0,0
3.1392,auto,left,105.94,92.48,0.954,flexed,0,0
3.1794,auto,left,119.02,103.1,0.956,flexed,0,0
3.2197,auto,left,129.14,113.51,0.96,flexed,0,0
3.2599,auto,left,144.62,125.96,0.961,flexed,0,0
3.3001,auto,left,150.43,135.74,0.964,flexed,0,0
3.3404,auto,left,158.68,144.92,0.964,flexed,0,0
3.3806,auto,left,166.95,153.73,0.962,extended,1,0
3.4209,auto,left,175.71,162.52,0.959,extended,1,0
3.4611,auto,left,178.75,169.01,0.952,extended,1,0
3.5014,auto,left,174.61,171.25,0.942,extended,1,0
3.5416,auto,left,172.11,171.59,0.938,extended,1,0
3.5819,auto,left,171.0,171.35,0.932,extended,1,0
3.6221,auto,left,170.72,171.1,0.92,extended,1,0
3.6624,auto,left,171.5,171.26,0.918,extended,1,0
3.7026,auto,left,172.85,171.9,0.916,extended,1,0
3.7428,auto,left,174.31,172.86,0.91,extended,1,0
3.7831,auto,left,178.69,175.19,0.912,extended,1,0
3.8233,auto,left,172.43,174.09,0.911,extended,1,0
3.8636,auto,left,160.78,168.76,0.917,extended,1,0
3.9038,auto,left,143.71,158.74,0.922,extended,1,0
3.9441,auto,left,124.79,145.16,0.927,extended,1,0
3.9843,auto,left,109.72,130.98,0.932,extended,1,0
4.0246,auto,left,94.06,116.21,0.929,extended,1,0
4.0648,auto,left,85.08,103.76,0.932,extended,1,0
4.1051,auto,left,75.84,92.59,0.931,extended,1,0
4.1453,auto,left,68.65,83.02,0.935,extended,1,0
4.1855,auto,left,63.67,75.28,0.939,extended,1,0
4.2258,auto,left,59.2,68.85,0.942,extended,1,0
4.266,auto,left,54.11,62.95,0.944,extended,1,0
4.3063,auto,left,47.36,56.71,0.945,flexed,1,0
4.3465,auto,left,42.92,51.2,0.942,flexed,1,0
4.3868,auto,left,40.66,46.98,0.938,flexed,1,0
4.427,auto,left,39.51,43.99,0.934,flexed,1,0
4.4673,auto,left,38.15,41.66,0.933,flexed,1,0
4.5075,auto,left,38.37,40.34,0.933,flexed,1,0
4.5478,auto,left,38.63,39.66,0.932,flexed,1,0
4.588,auto,left,39.03,39.41,0.929,flexed,1,0
4.6282,auto,left,40.45,39.83,0.93,flexed,1,0
4.6685,auto,left,44.89,41.85,0.934,flexed,1,0
4.7087,auto,left,49.45,44.89,0.937,flexed,1,0
4.749,auto,left,52.44,47.91,0.94,flexed,1,0
4.7892,auto,left,58.12,52.0,0.942,flexed,1,0
4.8295,auto,left,65.17,57.26,0.942,flexed,1,0
4.8697,auto,left,74.13,64.01,0.943,flexed,1,0
4.91,auto,left,81.16,70.87,0.943,flexed,1,0
4.9502,auto,left,90.85,78.86,0.943,flexed,1,0
4.9905,auto,left,100.72,87.61,0.945,flexed,1,0
5.0307,auto,left,114.2,98.25,0.949,flexed,1,0
5.071,auto,left,128.17,110.22,0.953,flexed,1,0
5.1112,auto,left,143.19,123.41,0.955,flexed,1,0
5.1514,auto,left,155.05,136.06,0.959,flexed,1,0
5.1917,auto,left,167.02,148.45,0.96,flexed,1,0
5.2319,auto,left,177.66,160.13,0.956,extended,2,0
5.2722,auto,left,172.51,165.08,0.947,extended,2,0
5.3124,auto,left,166.58,165.68,0.937,extended,2,0
5.3527,auto,left,166.11,165.85,0.929,extended,2,0
5.3929,auto,left,166.99,166.31,0.921,extended,2,0
5.4332,auto,left,168.68,167.26,0.921,extended,2,0
5.4734,auto,left,170.26,168.46,0.922,extended,2,0
5.5137,auto,left,171.2,169.56,0.921,extended,2,0
5.5539,auto,left,172.8,170.85,0.91,extended,2,0
5.5941,auto,left,173.41,171.88,0.903,extended,2,0
5.6344,auto,left,179.45,174.9,0.906,extended,2,0
5.6746,auto,left,171.11,173.39,0.912,extended,2,0
5.7149,auto,left,161.89,168.79,0.917,extended,2,0
5.7551,auto,left,155.67,163.54,0.923,extended,2,0
5.7954,auto,left,139.91,154.09,0.928,extended,2,0
5.8356,auto,left,126.49,143.05,0.933,extended,2,0
5.8759,auto,left,112.84,130.96,0.936,extended,2,0
5.9161,auto,left,100.05,118.6,0.94,extended,2,0
5.9564,auto,left,90.06,107.18,0.941,extended,2,0
5.9966,auto,left,80.98,96.7,0.941,extended,2,0
6.0368,auto,left,73.75,87.52,0.941,extended,2,0
6.0771,auto,left,70.03,80.52,0.942,extended,2,0
6.1173,auto,left,65.15,74.38,0.945,extended,2,0
6.1576,auto,left,59.17,68.29,0.947,extended,2,0
6.1978,auto,left,53.35,62.32,0.948,extended,2,0
6.2381,auto,left,48.51,56.79,0.949,flexed,2,0
6.2783,auto,left,44.03,51.69,0.946,flexed,2,0
6.3186,auto,left,37.76,46.12,0.942,flexed,2,0
6.3588,auto,left,37.25,42.57,0.942,flexed,2,0
6.3991,auto,left,37.66,40.61,0.944,flexed,2,0
6.4393,auto,left,39.18,40.04,0.944,flexed,2,0
6.4795,auto,left,39.58,39.85,0.946,flexed,2,0
6.5198,auto,left,39.59,39.75,0.949,flexed,2,0
6.56,auto,left,39.58,39.68,0.952,flexed,2,0
6.6003,auto,left,39.83,39.74,0.954,flexed,2,0
6.6405,auto,left,41.3,40.37,0.955,flexed,2,0
6.6808,auto,left,43.04,41.44,0.958,flexed,2,0
6.721,auto,left,44.97,42.85,0.96,flexed,2,0
6.7613,auto,left,47.11,44.56,0.96,flexed,2,0
6.8015,auto,left,48.46,46.12,0.961,flexed,2,0
6.8418,auto,left,52.11,48.51,0.96,flexed,2,0
6.882,auto,left,55.22,51.2,0.959,flexed,2,0
6.9222,auto,left,61.51,55.32,0.959,flexed,2,0
6.9625,auto,left,66.4,59.75,0.96,flexed,2,0
7.0027,auto,left,71.04,64.27,0.96,flexed,2,0
7.043,auto,left,77.65,69.62,0.961,flexed,2,0
7.0832,auto,left,87.06,76.6,0.962,flexed,2,0
7.1235,auto,left,98.58,85.39,0.965,flexed,2,0
7.1637,auto,left,110.69,95.51,0.968,flexed,2,0
7.204,auto,left,126.0,107.71,0.97,flexed,2,0
7.2442,auto,left,139.92,120.59,0.971,flexed,2,0
7.2845,auto,left,150.81,132.68,0.973,flexed,2,0
7.3247,auto,left,168.74,147.1,0.967,flexed,2,0
7.365,auto,left,179.22,159.95,0.959,extended,3,0
7.4052,auto,left,173.4,165.33,0.948,extended,3,0
7.4454,auto,left,169.36,166.94,0.944,extended,3,0
7.4857,auto,left,169.91,168.13,0.931,extended,3,0
7.5259,auto,left,168.57,168.3,0.929,extended,3,0
7.5662,auto,left,170.03,168.99,0.924,extended,3,0
7.6064,auto,left,168.72,168.88,0.925,extended,3,0
7.6467,auto,left,169.72,169.22,0.926,extended,3,0
7.6869,auto,left,169.26,169.23,0.928,extended,3,0
7.7272,auto,left,170.88,169.89,0.929,extended,3,0
7.7674,auto,left,169.9,169.9,0.929,extended,3,0
7.8077,auto,left,170.66,170.2,0.929,extended,3,0
7.8479,auto,left,171.26,170.62,0.929,extended,3,0
7.8881,auto,left,170.59,170.61,0.925,extended,3,0
7.9284,auto,left,169.9,170.32,0.921,extended,3,0
7.9686,auto,left,170.09,170.23,0.92,extended,3,0
8.0089,auto,left,170.15,170.2,0.921,extended,3,0
8.0491,auto,left,170.15,170.18,0.921,extended,3,0
8.0894,auto,left,170.5,170.31,0.921,extended,3,0
8.1296,auto,left,170.59,170.42,0.921,extended,3,0
8.1699,auto,left,170.44,170.43,0.92,extended,3,0
8.2101,auto,left,170.74,170.55,0.92,extended,3,0
8.2504,auto,left,170.2,170.41,0.922,extended,3,0
8.2906,auto,left,169.17,169.92,0.919,extended,3,0
8.3308,auto,left,168.53,169.36,0.917,extended,3,0
8.3711,auto,left,169.74,169.52,0.918,extended,3,0
8.4113,auto,left,170.18,169.78,0.918,extended,3,0
8.4516,auto,left,170.45,170.05,0.918,extended,3,0
8.4918,auto,left,170.33,170.16,0.92,extended,3,0
8.5321,auto,left,170.89,170.45,0.922,extended,3,0
8.5723,auto,left,171.36,170.82,0.921,extended,3,0
8.6126,auto,left,172.92,171.66,0.921,extended,3,0
8.6528,auto,left,172.84,172.13,0.923,extended,3,0
8.6931,auto,left,173.1,172.52,0.917,extended,3,0
8.7333,auto,left,174.87,173.46,0.921,extended,3,0
8.7735,auto,left,174.78,173.99,0.924,extended,3,0
8.8138,auto,left,176.06,174.82,0.929,extended,3,0
8.854,auto,left,177.47,175.88,0.927,extended,3,0
8.8943,auto,left,176.32,176.06,0.928,extended,3,0
8.9345,auto,left,175.8,175.95,0.92,extended,3,0
8.9748,auto,left,175.06,175.6,0.919,extended,3,0
9.015,auto,left,178.06,176.58,0.918,extended,3,0
9.0553,auto,left,173.06,175.17,0.92,extended,3,0
9.0955,auto,left,179.69,176.98,0.923,extended,3,0
9.1358,auto,left,178.89,177.74,0.919,extended,3,0
9.176,auto,left,178.51,178.05,0.913,extended,3,0
9.2163,auto,left,179.65,178.69,0.911,extended,3,0
9.2565,auto,left,174.54,177.03,0.876,extended,3,0
9.2967,auto,left,173.52,175.63,0.807,extended,3,0
9.337,auto,left,37.87,120.52,0.755,extended,3,0
9.3772,auto,left,,,0.0,extended,3,0
9.4175,auto,left,,,0.0,extended,3,0
9.4577,auto,left,,,0.0,extended,3,0
9.498,auto,left,,,0.0,extended,3,0
9.5382,auto,left,,,0.0,extended,3,0
9.5785,auto,left,,,0.0,extended,3,0
9.6187,auto,left,,,0.0,extended,3,0
9.659,auto,left,,,0.0,extended,3,0
9.6992,auto,left,,,0.0,extended,3,0
9.7394,auto,left,,,0.0,extended,3,0
9.7797,auto,left,,,0.0,extended,3,0
9.8199,auto,left,,,0.0,extended,3,0
9.8602,auto,left,,,0.0,extended,3,0
9.9004,auto,left,,,0.0,extended,3,0
9.9407,auto,left,,,0.0,extended,3,0
9.9809,auto,left,,,0.0,extended,3,0
10.0212,auto,left,,,0.0,extended,3,0
10.0614,auto,left,,,0.0,extended,3,0
10.1017,auto,left,,,0.0,extended,3,0
10.1419,auto,left,,,0.0,extended,3,0
10.1821,auto,left,,,0.0,extended,3,0
10.2224,auto,left,,,0.0,extended,3,0
10.2626,auto,left,,,0.0,extended,3,0
10.3029,auto,left,,,0.0,extended,3,0
10.3431,auto,left,,,0.0,extended,3,0
10.3834,auto,left,,,0.0,extended,3,0
10.4236,auto,left,,,0.0,extended,3,0
10.4639,auto,left,,,0.0,extended,3,0
10.5041,auto,left,,,0.0,extended,3,0
10.5444,auto,left,,,0.0,extended,3,0
10.5846,auto,left,,,0.0,extended,3,0
10.6248,auto,left,,,0.0,extended,3,0
10.6651,auto,left,,,0.0,extended,3,0
10.7053,auto,left,,,0.0,extended,3,0
10.7456,auto,left,,,0.0,extended,3,0
10.7858,auto,left,,,0.0,extended,3,0
10.8261,auto,left,,,0.0,extended,3,0
10.8663,auto,left,,,0.0,extended,3,0
10.9066,auto,left,,,0.0,extended,3,0
10.9468,auto,left,,,0.0,extended,3,0
10.9871,auto,left,,,0.0,extended,3,0
11.0273,auto,left,,,0.0,extended,3,0
11.0675,auto,left,,,0.0,extended,3,0
11.1078,auto,left,,,0.0,extended,3,0
11.148,auto,left,,,0.0,extended,3,0
11.1883,auto,left,,,0.0,extended,3,0
11.2285,auto,left,,,0.0,extended,3,0
11.2688,auto,left,,,0.0,extended,3,0
11.309,auto,left,,,0.0,extended,3,0
11.3493,auto,left,,,0.0,extended,3,0
11.3895,auto,left,,,0.0,extended,3,0
11.4298,auto,left,,,0.0,extended,3,0
11.47,auto,left,,,0.0,extended,3,0
11.5103,auto,left,,,0.0,extended,3,0
11.5505,auto,left,,,0.0,extended,3,0
11.5907,auto,left,,,0.0,extended,3,0
11.631,auto,left,,,0.0,extended,3,0
11.6712,auto,left,,,0.0,extended,3,0
11.7115,auto,left,,,0.0,extended,3,0
11.7517,auto,left,,,0.0,extended,3,0
11.792,auto,left,,,0.0,extended,3,0
11.8322,auto,left,,,0.0,extended,3,0
11.8725,auto,left,,,0.0,extended,3,0
11.9127,auto,left,,,0.0,extended,3,0
11.953,auto,left,,,0.0,extended,3,0
11.9932,auto,left,,,0.0,extended,3,0
12.0334,auto,left,,,0.0,extended,3,0
12.0737,auto,left,,,0.0,extended,3,0
12.1139,auto,left,,,0.0,extended,3,0
12.1542,auto,left,,,0.0,extended,3,0
12.1944,auto,left,,,0.0,extended,3,0
12.2347,auto,left,,,0.0,extended,3,0
12.2749,auto,left,,,0.0,extended,3,0
12.3152,auto,left,,,0.0,extended,3,0
12.3554,auto,left,,,0.0,extended,3,0
12.3957,auto,left,,,0.0,extended,3,0
12.4359,auto,left,,,0.0,extended,3,0
12.4761,auto,left,,,0.0,extended,3,0
12.5164,auto,left,,,0.0,extended,3,0
12.5566,auto,left,,,0.0,extended,3,0
12.5969,auto,left,,,0.0,extended,3,0
12.6371,auto,left,,,0.0,extended,3,0
12.6774,auto,left,,,0.0,extended,3,0
12.7176,auto,left,,,0.0,extended,3,0
12.7579,auto,left,,,0.0,extended,3,0
12.7981,auto,left,,,0.0,extended,3,0
12.8384,auto,left,,,0.0,extended,3,0
12.8786,auto,left,,,0.0,extended,3,0
12.9188,auto,left,,,0.0,extended,3,0
12.9591,auto,left,,,0.0,extended,3,0
12.9993,auto,left,,,0.0,extended,3,0
13.0396,auto,left,,,0.0,extended,3,0
13.0798,auto,left,,,0.0,extended,3,0
13.1201,auto,left,,,0.0,extended,3,0
13.1603,auto,left,,,0.0,extended,3,0
13.2006,auto,left,,,0.0,extended,3,0
13.2408,auto,left,,,0.0,extended,3,0
13.2811,auto,left,,,0.0,extended,3,0
13.3213,auto,left,,,0.0,extended,3,0
13.3616,auto,left,,,0.0,extended,3,0
13.4018,auto,left,,,0.0,extended,3,0
13.442,auto,left,,,0.0,extended,3,0
13.4823,auto,left,,,0.0,extended,3,0
13.5225,auto,left,,,0.0,extended,3,0
13.5628,auto,left,,,0.0,extended,3,0
13.603,auto,left,,,0.0,extended,3,0
13.6433,auto,left,,,0.0,extended,3,0
13.6835,auto,left,,,0.0,extended,3,0
13.7238,auto,left,,,0.0,extended,3,0
13.764,auto,left,156.77,156.77,0.759,extended,3,0
13.8043,auto,left,167.19,160.94,0.765,extended,3,0
13.8445,auto,left,173.89,166.12,0.772,extended,3,0
13.8847,auto,left,177.51,170.68,0.791,extended,3,0
13.925,auto,left,177.97,173.59,0.81,extended,3,0
13.9652,auto,left,178.88,175.71,0.828,extended,3,0
14.0055,auto,left,178.6,176.87,0.843,extended,3,0
14.0457,auto,left,179.8,178.04,0.857,extended,3,0
14.086,auto,left,176.77,177.53,0.87,extended,3,0
14.1262,auto,left,175.66,176.78,0.881,extended,3,0
14.1665,auto,left,173.95,175.65,0.887,extended,3,0
14.2067,auto,left,170.1,173.43,0.895,extended,3,0
14.247,auto,left,167.8,171.18,0.905,extended,3,0
14.2872,auto,left,172.33,171.64,0.913,extended,3,0
14.3274,auto,left,170.96,171.37,0.918,extended,3,0
14.3677,auto,left,171.69,171.5,0.925,extended,3,0
14.4079,auto,left,174.06,172.52,0.931,extended,3,0
14.4482,auto,left,178.93,175.09,0.936,extended,3,0
14.4884,auto,left,177.16,175.91,0.941,extended,3,0
14.5287,auto,left,178.86,177.09,0.944,extended,3,0
14.5689,auto,left,178.07,177.48,0.945,extended,3,0
14.6092,auto,left,176.5,177.09,0.948,extended,3,0
14.6494,auto,left,178.36,177.6,0.953,extended,3,0
14.6897,auto,left,178.81,178.08,0.957,extended,3,0
14.7299,auto,left,176.96,177.63,0.96,extended,3,0
14.7701,auto,left,176.88,177.33,0.964,extended,3,0
14.8104,auto,left,178.0,177.6,0.966,extended,3,0
14.8506,auto,left,178.87,178.11,0.968,extended,3,0
14.8909,auto,left,178.06,178.09,0.969,extended,3,0
14.9311,auto,left,179.0,178.45,0.97,extended,3,0
14.9714,auto,left,179.98,179.07,0.971,extended,3,0
15.0116,auto,left,179.14,179.1,0.97,extended,3,0
15.0519,auto,left,178.63,178.91,0.965,extended,3,0
15.0921,auto,left,179.05,178.97,0.965,extended,3,0
15.1324,auto,left,179.03,178.99,0.966,extended,3,0
15.1726,auto,left,179.76,179.3,0.967,extended,3,0
15.2129,auto,left,179.64,179.44,0.968,extended,3,0
15.2531,auto,left,179.88,179.61,0.968,extended,3,0
15.2933,auto,left,179.36,179.51,0.968,extended,3,0
15.3336,auto,left,177.77,178.82,0.969,extended,3,0
15.3738,auto,left,176.9,178.05,0.969,extended,3,0
15.4141,auto,left,174.51,176.63,0.968,extended,3,0
15.4543,auto,left,174.5,175.78,0.968,extended,3,0
15.4946,auto,left,173.64,174.92,0.968,extended,3,0
15.5348,auto,left,173.53,174.36,0.967,extended,3,0
15.5751,auto,left,173.17,173.89,0.963,extended,3,0
15.6153,auto,left,173.62,173.78,0.965,extended,3,0
15.6556,auto,left,173.63,173.72,0.966,extended,3,0
15.6958,auto,left,173.58,173.67,0.967,extended,3,0
15.736,auto,left,173.75,173.7,0.965,extended,3,0
15.7763,auto,left,173.47,173.61,0.963,extended,3,0
15.8165,auto,left,174.44,173.94,0.963,extended,3,0
15.8568,auto,left,175.39,174.52,0.96,extended,3,0
15.897,auto,left,177.18,175.58,0.959,extended,3,0
15.9373,auto,left,179.96,177.33,0.959,extended,3,0
15.9775,auto,left,175.94,176.78,0.959,extended,3,0
16.0178,auto,left,171.12,174.51,0.96,extended,3,0
16.058,auto,left,163.26,170.01,0.96,extended,3,0
16.0983,auto,left,153.88,163.56,0.962,extended,3,0
16.1385,auto,left,144.28,155.85,0.964,extended,3,0
16.1787,auto,left,130.35,145.65,0.966,extended,3,0
16.219,auto,left,114.99,133.39,0.967,extended,3,0
16.2592,auto,left,101.64,120.69,0.969,extended,3,0
16.2995,auto,left,90.61,108.66,0.968,extended,3,0
16.3397,auto,left,82.76,98.3,0.968,extended,3,0
16.38,auto,left,77.92,90.15,0.969,extended,3,0
16.4202,auto,left,69.79,82.0,0.97,extended,3,0
16.4605,auto,left,66.5,75.8,0.967,extended,3,0
16.5007,auto,left,62.86,70.63,0.963,extended,3,0
16.541,auto,left,54.77,64.28,0.96,extended,3,0
16.5812,auto,left,49.63,58.42,0.96,flexed,3,0
16.6214,auto,left,44.93,53.02,0.959,flexed,3,0
16.6617,auto,left,44.53,49.63,0.957,flexed,3,0
16.7019,auto,left,44.07,47.4,0.954,flexed,3,0
16.7422,auto,left,43.84,45.98,0.952,flexed,3,0
16.7824,auto,left,45.3,45.71,0.953,flexed,3,0
16.8227,auto,left,46.56,46.05,0.951,flexed,3,0
16.8629,auto,left,48.65,47.09,0.95,flexed,3,0
16.9032,auto,left,52.57,49.28,0.95,flexed,3,0
16.9434,auto,left,58.66,53.03,0.95,flexed,3,0
16.9837,auto,left,65.73,58.11,0.952,flexed,3,0
17.0239,auto,left,71.58,63.5,0.955,flexed,3,0
17.0641,auto,left,79.28,69.81,0.957,flexed,3,0
17.1044,auto,left,87.62,76.94,0.957,flexed,3,0
17.1446,auto,left,95.7,84.44,0.956,flexed,3,0
17.1849,auto,left,108.96,94.25,0.96,flexed,3,0
17.2251,auto,left,125.79,106.86,0.962,flexed,3,0
17.2654,auto,left,141.27,120.63,0.964,flexed,3,0
17.3056,auto,left,155.88,134.73,0.965,flexed,3,0
17.3459,auto,left,172.3,149.76,0.966,flexed,3,0
17.3861,auto,left,174.14,159.51,0.959,extended,4,0
17.4264,auto,left,167.76,162.81,0.938,extended,4,0
17.4666,auto,left,165.62,163.94,0.933,extended,4,0
17.5069,auto,left,165.96,164.74,0.93,extended,4,0
17.5471,auto,left,167.78,165.96,0.93,extended,4,0
17.5873,auto,left,168.01,166.78,0.929,extended,4,0
17.6276,auto,left,169.75,167.97,0.929,extended,4,0
17.6678,auto,left,171.97,169.57,0.928,extended,4,0
17.7081,auto,left,173.13,170.99,0.925,extended,4,0
17.7483,auto,left,176.06,173.02,0.922,extended,4,0
17.7886,auto,left,175.85,174.15,0.923,extended,4,0
17.8288,auto,left,164.41,170.25,0.925,extended,4,0
17.8691,auto,left,153.01,163.36,0.929,extended,4,0
17.9093,auto,left,138.09,153.25,0.934,extended,4,0
17.9496,auto,left,120.58,140.18,0.94,extended,4,0
17.9898,auto,left,106.12,126.56,0.945,extended,4,0
18.03,auto,left,92.23,112.82,0.946,extended,4,0
18.0703,auto,left,83.76,101.2,0.949,extended,4,0
18.1105,auto,left,75.13,90.77,0.952,extended,4,0
18.1508,auto,left,68.01,81.67,0.953,extended,4,0
18.191,auto,left,62.19,73.88,0.95,extended,4,0
18.2313,auto,left,56.67,67.0,0.95,extended,4,0
18.2715,auto,left,52.54,61.21,0.949,extended,4,0
18.3118,auto,left,46.33,55.26,0.95,flexed,4,0
18.352,auto,left,43.94,50.73,0.947,flexed,4,0
18.3923,auto,left,43.84,47.98,0.946,flexed,4,0
18.4325,auto,left,42.48,45.78,0.944,flexed,4,0
18.4727,auto,left,43.18,44.74,0.944,flexed,4,0
18.513,auto,left,43.82,44.37,0.945,flexed,4,0
18.5532,auto,left,44.37,44.37,0.945,flexed,4,0
18.5935,auto,left,47.41,45.58,0.944,flexed,4,0
18.6337,auto,left,52.25,48.25,0.943,flexed,4,0
18.674,auto,left,57.98,52.14,0.942,flexed,4,0
18.7142,auto,left,64.17,56.95,0.943,flexed,4,0
18.7545,auto,left,72.64,63.23,0.945,flexed,4,0
18.7947,auto,left,80.31,70.06,0.947,flexed,4,0
18.835,auto,left,89.86,77.98,0.949,flexed,4,0
18.8752,auto,left,99.89,86.74,0.953,flexed,4,0
18.9154,auto,left,114.44,97.82,0.957,flexed,4,0
18.9557,auto,left,128.78,110.2,0.959,flexed,4,0
18.9959,auto,left,144.89,124.08,0.961,flexed,4,0
19.0362,auto,left,158.52,137.85,0.964,flexed,4,0
19.0764,auto,left,173.2,151.99,0.959,extended,5,0
19.1167,auto,left,176.25,161.69,0.946,extended,5,0
19.1569,auto,left,171.44,165.59,0.941,extended,5,0
19.1972,auto,left,168.38,166.71,0.935,extended,5,0
19.2374,auto,left,166.22,166.51,0.929,extended,5,0
19.2777,auto,left,165.59,166.14,0.928,extended,5,0
19.3179,auto,left,165.18,165.76,0.927,extended,5,0
19.3582,auto,left,167.38,166.41,0.923,extended,5,0
19.3984,auto,left,169.23,167.53,0.92,extended,5,0
19.4386,auto,left,169.97,168.51,0.921,extended,5,0
19.4789,auto,left,173.74,170.6,0.92,extended,5,0
19.5191,auto,left,179.88,174.31,0.914,extended,5,0
19.5594,auto,left,167.68,171.66,0.915,extended,5,0
19.5996,auto,left,156.8,165.72,0.918,extended,5,0
19.6399,auto,left,141.48,156.02,0.924,extended,5,0
19.6801,auto,left,124.53,143.42,0.93,extended,5,0
19.7204,auto,left,108.13,129.31,0.935,extended,5,0
19.7606,auto,left,94.79,115.5,0.94,extended,5,0
19.8009,auto,left,88.06,104.53,0.944,extended,5,0
19.8411,auto,left,80.19,94.79,0.947,extended,5,0
19.8813,auto,left,73.1,86.12,0.949,extended,5,0
19.9216,auto,left,69.09,79.31,0.947,extended,5,0
19.9618,auto,left,65.73,73.87,0.948,extended,5,0
20.0021,auto,left,59.73,68.22,0.95,extended,5,0
20.0423,auto,left,52.68,62.0,0.951,extended,5,0
20.0826,auto,left,46.59,55.84,0.951,flexed,5,0
20.1228,auto,left,44.1,51.14,0.947,flexed,5,0
20.1631,auto,left,42.58,47.72,0.947,flexed,5,0
20.2033,auto,left,41.46,45.21,0.943,flexed,5,0
20.2436,auto,left,41.23,43.62,0.943,flexed,5,0
20.2838,auto,left,42.2,43.05,0.942,flexed,5,0
20.324,auto,left,42.75,42.93,0.938,flexed,5,0
20.3643,auto,left,44.19,43.43,0.94,flexed,5,0
20.4045,auto,left,46.96,44.84,0.942,flexed,5,0
20.4448,auto,left,53.57,48.33,0.945,flexed,5,0
20.485,auto,left,57.77,52.11,0.946,flexed,5,0
20.5253,auto,left,61.74,55.96,0.944,flexed,5,0
20.5655,auto,left,65.9,59.94,0.945,flexed,5,0
20.6058,auto,left,73.49,65.36,0.946,flexed,5,0
20.646,auto,left,81.01,71.62,0.947,flexed,5,0
20.6863,auto,left,89.97,78.96,0.951,flexed,5,0
20.7265,auto,left,101.98,88.17,0.954,flexed,5,0
20.7667,auto,left,111.15,97.36,0.957,flexed,5,0
20.807,auto,left,129.69,110.29,0.961,flexed,5,0
20.8472,auto,left,143.84,123.71,0.964,flexed,5,0
20.8875,auto,left,154.86,136.17,0.965,flexed,5,0
20.9277,auto,left,167.57,148.73,0.965,flexed,5,0
20.968,auto,left,176.49,159.83,0.957,extended,6,0
21.0082,auto,left,178.37,167.25,0.949,extended,6,0
21.0485,auto,left,176.65,171.01,0.948,extended,6,0
21.0887,auto,left,174.71,172.49,0.946,extended,6,0
21.129,auto,left,175.42,173.66,0.947,extended,6,0
21.1692,auto,left,175.27,174.31,0.945,extended,6,0
21.2095,auto,left,171.11,173.03,0.944,extended,6,0
21.2497,auto,left,170.31,171.94,0.946,extended,6,0
21.2899,auto,left,174.95,173.15,0.947,extended,6,0
21.3302,auto,left,177.37,174.83,0.948,extended,6,0
21.3704,auto,left,177.69,175.98,0.95,extended,6,0
21.4107,auto,left,179.52,177.4,0.95,extended,6,0
21.4509,auto,left,178.16,177.7,0.949,extended,6,0
21.4912,auto,left,179.86,178.57,0.95,extended,6,0
21.5314,auto,left,178.8,178.66,0.949,extended,6,0
21.5717,auto,left,178.06,178.42,0.947,extended,6,0
21.6119,auto,left,179.61,178.9,0.947,extended,6,0
21.6522,auto,left,175.25,177.44,0.947,extended,6,0
21.6924,auto,left,175.55,176.68,0.948,extended,6,0
21.7326,auto,left,173.07,175.24,0.947,extended,6,0
21.7729,auto,left,170.37,173.29,0.945,extended,6,0
21.8131,auto,left,178.26,175.28,0.933,extended,6,0
21.8534,auto,left,179.16,176.83,0.903,extended,6,0
21.8936,auto,left,68.19,133.37,0.869,extended,6,0
21.9339,auto,left,119.6,127.86,0.816,extended,6,0
21.9741,auto,left,107.23,119.61,0.764,extended,6,0
22.0144,auto,left,176.03,142.18,0.711,extended,6,0
22.0546,auto,left,,,0.0,extended,6,0
22.0949,auto,left,,,0.0,extended,6,0
22.1351,auto,left,,,0.0,extended,6,0
22.1753,auto,left,,,0.0,extended,6,0
22.2156,auto,left,,,0.0,extended,6,0
22.2558,auto,left,,,0.0,extended,6,0
22.2961,auto,left,,,0.0,extended,6,0
22.3363,auto,left,,,0.0,extended,6,0
22.3766,auto,left,,,0.0,extended,6,0
22.4168,auto,left,,,0.0,extended,6,0
22.4571,auto,left,,,0.0,extended,6,0
22.4973,auto,left,,,0.0,extended,6,0
22.5376,auto,left,,,0.0,extended,6,0
22.5778,auto,left,,,0.0,extended,6,0
22.618,auto,left,,,0.0,extended,6,0
22.6583,auto,left,,,0.0,extended,6,0
22.6985,auto,left,,,0.0,extended,6,0
22.7388,auto,left,,,0.0,extended,6,0
22.779,auto,left,,,0.0,extended,6,0
22.8193,auto,left,,,0.0,extended,6,0
22.8595,auto,left,,,0.0,extended,6,0
22.8998,auto,left,,,0.0,extended,6,0
22.94,auto,left,,,0.0,extended,6,0
22.9803,auto,left,,,0.0,extended,6,0
23.0205,auto,left,,,0.0,extended,6,0
23.0607,auto,left,,,0.0,extended,6,0
23.101,auto,left,,,0.0,extended,6,0
23.1412,auto,left,,,0.0,extended,6,0
23.1815,auto,left,,,0.0,extended,6,0
23.2217,auto,left,,,0.0,extended,6,0
23.262,auto,left,,,0.0,extended,6,0
23.3022,auto,left,,,0.0,extended,6,0
23.3425,auto,left,,,0.0,extended,6,0
23.3827,auto,left,,,0.0,extended,6,0
23.423,auto,left,,,0.0,extended,6,0
23.4632,auto,left,,,0.0,extended,6,0
23.5035,auto,left,,,0.0,extended,6,0
23.5437,auto,left,,,0.0,extended,6,0
23.5839,auto,left,,,0.0,extended,6,0
23.6242,auto,left,,,0.0,extended,6,0
23.6644,auto,left,,,0.0,extended,6,0
23.7047,auto,left,,,0.0,extended,6,0
23.7449,auto,left,,,0.0,extended,6,0
23.7852,auto,left,,,0.0,extended,6,0
23.8254,auto,left,,,0.0,extended,6,0
23.8657,auto,left,,,0.0,extended,6,0
23.9059,auto,left,,,0.0,extended,6,0
23.9462,auto,left,,,0.0,extended,6,0
23.9864,auto,left,,,0.0,extended,6,0
24.0266,auto,left,,,0.0,extended,6,0
24.0669,auto,left,,,0.0,extended,6,0
24.1071,auto,left,,,0.0,extended,6,0
24.1474,auto,left,,,0.0,extended,6,0
24.1876,auto,left,,,0.0,extended,6,0
24.2279,auto,left,,,0.0,extended,6,0
24.2681,auto,left,,,0.0,extended,6,0
24.3084,auto,left,,,0.0,extended,6,0
24.3486,auto,left,,,0.0,extended,6,0
24.3889,auto,left,,,0.0,extended,6,0
24.4291,auto,left,,,0.0,extended,6,0
24.4693,auto,left,,,0.0,extended,6,0
24.5096,auto,left,,,0.0,extended,6,0
24.5498,auto,left,,,0.0,extended,6,0
24.5901,auto,left,,,0.0,extended,6,0
24.6303,auto,left,,,0.0,extended,6,0
24.6706,auto,left,,,0.0,extended,6,0
24.7108,auto,left,,,0.0,extended,6,0
24.7511,auto,left,,,0.0,extended,6,0
24.7913,auto,left,,,0.0,extended,6,0
24.8316,auto,left,,,0.0,extended,6,0
24.8718,auto,left,,,0.0,extended,6,0
24.912,auto,left,,,0.0,extended,6,0
24.9523,auto,left,,,0.0,extended,6,0
24.9925,auto,left,,,0.0,extended,6,0
25.0328,auto,left,,,0.0,extended,6,0
25.073,auto,left,,,0.0,extended,6,0
25.1133,auto,left,,,0.0,extended,6,0
25.1535,auto,left,,,0.0,extended,6,0
25.1938,auto,left,,,0.0,extended,6,0
25.234,auto,left,,,0.0,extended,6,0
25.2743,auto,left,,,0.0,extended,6,0
25.3145,auto,left,,,0.0,extended,6,0
25.3548,auto,left,,,0.0,extended,6,0
25.395,auto,left,,,0.0,extended,6,0
25.4352,auto,left,,,0.0,extended,6,0
25.4755,auto,left,,,0.0,extended,6,0
25.5157,auto,left,,,0.0,extended,6,0
25.556,auto,left,,,0.0,extended,6,0
25.5962,auto,left,,,0.0,extended,6,0
25.6365,auto,left,,,0.0,extended,6,0
25.6767,auto,left,71.41,71.41,0.679,extended,6,0
25.717,auto,left,77.44,73.83,0.628,extended,6,0
25.7572,auto,left,163.75,109.8,0.573,extended,6,0
25.7975,auto,left,178.43,137.25,0.531,extended,6,0
25.8377,auto,left,174.08,151.98,0.527,extended,6,1
25.8779,auto,left,170.16,159.25,0.541,extended,6,1
25.9182,auto,left,167.67,162.62,0.578,extended,6,1
25.9584,auto,left,165.12,163.62,0.618,extended,6,1
25.9987,auto,left,164.16,163.84,0.655,extended,6,1
26.0389,auto,left,162.45,163.28,0.689,extended,6,1
26.0792,auto,left,162.41,162.93,0.719,extended,6,1
26.1194,auto,left,163.51,163.16,0.746,extended,6,1
26.1597,auto,left,167.34,164.83,0.77,extended,6,1
26.1999,auto,left,163.58,164.33,0.792,extended,6,1
26.2402,auto,left,164.66,164.46,0.812,extended,6,1
26.2804,auto,left,166.39,165.23,0.828,extended,6,1
26.3206,auto,left,167.08,165.97,0.842,extended,6,1
26.3609,auto,left,173.29,168.9,0.85,extended,6,1
26.4011,auto,left,173.37,170.69,0.86,extended,6,1
26.4414,auto,left,171.88,171.16,0.869,extended,6,1
26.4816,auto,left,172.73,171.79,0.879,extended,6,1
26.5219,auto,left,176.51,173.68,0.889,extended,6,1
26.5621,auto,left,173.86,173.75,0.899,extended,6,1
26.6024,auto,left,174.35,173.99,0.907,extended,6,1
26.6426,auto,left,173.93,173.97,0.916,extended,6,1
26.6829,auto,left,173.9,173.94,0.924,extended,6,1
26.7231,auto,left,171.81,173.09,0.931,extended,6,1
26.7633,auto,left,174.34,173.59,0.938,extended,6,1
26.8036,auto,left,173.64,173.61,0.944,extended,6,1
26.8438,auto,left,175.31,174.29,0.949,extended,6,1
26.8841,auto,left,176.27,175.08,0.953,extended,6,1
26.9243,auto,left,178.82,176.58,0.954,extended,6,1
26.9646,auto,left,179.15,177.61,0.956,extended,6,1
27.0048,auto,left,179.31,178.29,0.953,extended,6,1
27.0451,auto,left,178.02,178.18,0.951,extended,6,1
27.0853,auto,left,177.12,177.76,0.948,extended,6,1
27.1256,auto,left,176.35,177.19,0.947,extended,6,1
27.1658,auto,left,175.81,176.64,0.944,extended,6,1
27.2061,auto,left,175.5,176.19,0.94,extended,6,1
27.2463,auto,left,176.89,176.47,0.941,extended,6,1
27.2865,auto,left,179.6,177.72,0.944,extended,6,1
27.3268,auto,left,179.7,178.51,0.947,extended,6,1
27.367,auto,left,175.13,177.16,0.95,extended,6,1
27.4073,auto,left,169.92,174.26,0.954,extended,6,1
27.4475,auto,left,166.45,171.14,0.957,extended,6,1
27.4878,auto,left,157.89,165.84,0.96,extended,6,1
27.528,auto,left,144.2,157.18,0.962,extended,6,1
27.5683,auto,left,130.36,146.45,0.965,extended,6,1
27.6085,auto,left,115.24,133.97,0.968,extended,6,1
27.6488,auto,left,101.0,120.78,0.97,extended,6,1
27.689,auto,left,86.18,106.94,0.972,extended,6,1
27.7292,auto,left,75.38,94.32,0.972,extended,6,1
27.7695,auto,left,67.77,83.7,0.972,extended,6,1
27.8097,auto,left,59.94,74.19,0.968,extended,6,1
27.85,auto,left,55.7,66.79,0.967,extended,6,1
27.8902,auto,left,49.25,59.78,0.968,flexed,6,1
27.9305,auto,left,42.13,52.72,0.963,flexed,6,1
27.9707,auto,left,40.43,47.8,0.961,flexed,6,1
28.011,auto,left,40.4,44.84,0.963,flexed,6,1
28.0512,auto,left,41.31,43.43,0.963,flexed,6,1
28.0915,auto,left,42.16,42.92,0.961,flexed,6,1
28.1317,auto,left,43.22,43.04,0.961,flexed,6,1
28.1719,auto,left,44.02,43.43,0.96,flexed,6,1
28.2122,auto,left,45.6,44.3,0.961,flexed,6,1
28.2524,auto,left,47.95,45.76,0.962,flexed,6,1
28.2927,auto,left,51.38,48.01,0.963,flexed,6,1
28.3329,auto,left,58.92,52.37,0.964,flexed,6,1
28.3732,auto,left,66.74,58.12,0.964,flexed,6,1
28.4134,auto,left,71.05,63.29,0.965,flexed,6,1
28.4537,auto,left,79.11,69.62,0.966,flexed,6,1
28.4939,auto,left,89.18,77.45,0.968,flexed,6,1
28.5342,auto,left,98.67,85.94,0.971,flexed,6,1
28.5744,auto,left,111.91,96.32,0.973,flexed,6,1
28.6146,auto,left,123.98,107.39,0.973,flexed,6,1
28.6549,auto,left,141.78,121.14,0.974,flexed,6,1
28.6951,auto,left,159.49,136.48,0.972,flexed,6,1
28.7354,auto,left,173.48,151.28,0.964,extended,7,1
28.7756,auto,left,176.74,161.46,0.958,extended,7,1
28.8159,auto,left,172.77,165.98,0.951,extended,7,1
28.8561,auto,left,169.67,167.46,0.95,extended,7,1
28.8964,auto,left,167.28,167.39,0.95,extended,7,1
28.9366,auto,left,165.54,166.65,0.949,extended,7,1
28.9769,auto,left,165.43,166.16,0.948,extended,7,1
29.0171,auto,left,166.2,166.18,0.943,extended,7,1
29.0573,auto,left,166.58,166.34,0.942,extended,7,1
29.0976,auto,left,168.23,167.09,0.942,extended,7,1
29.1378,auto,left,170.79,168.57,0.94,extended,7,1
29.1781,auto,left,171.59,169.78,0.938,extended,7,1
29.2183,auto,left,176.73,172.56,0.942,extended,7,1
29.2586,auto,left,173.32,172.86,0.944,extended,7,1
29.2988,auto,left,165.71,170.0,0.947,extended,7,1
29.3391,auto,left,155.75,164.3,0.95,extended,7,1
29.3793,auto,left,140.59,154.82,0.953,extended,7,1
29.4196,auto,left,121.0,141.29,0.956,extended,7,1
29.4598,auto,left,104.91,126.74,0.959,extended,7,1
29.5001,auto,left,89.47,111.83,0.962,extended,7,1
29.5403,auto,left,82.2,99.98,0.962,extended,7,1
29.5805,auto,left,72.22,88.88,0.964,extended,7,1
29.6208,auto,left,67.15,80.19,0.965,extended,7,1
29.661,auto,left,64.88,74.06,0.965,extended,7,1
29.7013,auto,left,61.82,69.17,0.966,extended,7,1
29.7415,auto,left,53.04,62.71,0.968,extended,7,1
29.7818,auto,left,47.29,56.54,0.967,flexed,7,1
29.822,auto,left,,,0.0,flexed,7,1
29.8623,auto,left,40.99,50.32,0.961,flexed,7,1
29.9025,auto,left,40.03,46.2,0.958,flexed,7,1
29.9428,auto,left,40.13,43.77,0.955,flexed,7,1
29.983,auto,left,40.49,42.46,0.952,flexed,7,1
30.0232,auto,left,40.47,41.66,0.947,flexed,7,1
30.0635,auto,left,40.75,41.3,0.949,flexed,7,1
30.1037,auto,left,41.04,41.2,0.949,flexed,7,1
30.144,auto,left,,,0.0,flexed,7,1
30.1842,auto,left,48.3,44.04,0.944,flexed,7,1
30.2245,auto,left,51.69,47.1,0.943,flexed,7,1
30.2647,auto,left,58.01,51.46,0.946,flexed,7,1
30.305,auto,left,63.08,56.11,0.95,flexed,7,1
30.3452,auto,left,67.79,60.78,0.952,flexed,7,1
30.3855,auto,left,74.42,66.24,0.954,flexed,7,1
30.4257,auto,left,82.64,72.8,0.954,flexed,7,1
30.4659,auto,left,89.97,79.66,0.956,flexed,7,1
30.5062,auto,left,99.49,87.59,0.959,flexed,7,1
30.5464,auto,left,108.46,95.94,0.962,flexed,7,1
30.5867,auto,left,119.86,105.51,0.964,flexed,7,1
30.6269,auto,left,127.2,114.19,0.966,flexed,7,1
30.6672,auto,left,143.42,125.88,0.967,flexed,7,1
30.7074,auto,left,156.34,138.06,0.965,flexed,7,1
30.7477,auto,left,170.26,150.94,0.962,extended,8,1
30.7879,auto,left,178.01,161.77,0.956,extended,8,1
30.8282,auto,left,175.77,167.37,0.956,extended,8,1
30.8684,auto,left,172.7,169.5,0.951,extended,8,1
30.9086,auto,left,169.7,169.58,0.947,extended,8,1
30.9489,auto,left,168.87,169.3,0.942,extended,8,1
30.9891,auto,left,167.81,168.7,0.941,extended,8,1
31.0294,auto,left,166.35,167.76,0.941,extended,8,1
31.0696,auto,left,167.32,167.58,0.941,extended,8,1
31.1099,auto,left,167.57,167.58,0.936,extended,8,1
31.1501,auto,left,168.28,167.86,0.935,extended,8,1
31.1904,auto,left,168.86,168.26,0.932,extended,8,1
31.2306,auto,left,169.31,168.68,0.928,extended,8,1
31.2709,auto,left,169.27,168.92,0.924,extended,8,1
31.3111,auto,left,169.13,169.0,0.922,extended,8,1
31.3514,auto,left,169.35,169.14,0.92,extended,8,1
31.3916,auto,left,168.77,168.99,0.916,extended,8,1
31.4318,auto,left,168.34,168.73,0.918,extended,8,1
31.4721,auto,left,168.57,168.67,0.916,extended,8,1
31.5123,auto,left,170.84,169.54,0.919,extended,8,1
31.5526,auto,left,176.61,172.37,0.923,extended,8,1
31.5928,auto,left,175.15,173.48,0.93,extended,8,1
31.6331,auto,left,171.01,172.49,0.936,extended,8,1
31.6733,auto,left,166.09,169.93,0.942,extended,8,1
31.7136,auto,left,163.25,167.26,0.948,extended,8,1
31.7538,auto,left,160.58,164.59,0.953,extended,8,1
31.7941,auto,left,156.56,161.38,0.958,extended,8,1
31.8343,auto,left,154.72,158.72,0.962,extended,8,1
31.8745,auto,left,151.29,155.75,0.966,extended,8,1
31.9148,auto,left,148.72,152.94,0.969,extended,8,1
31.955,auto,left,144.69,149.64,0.972,extended,8,1
31.9953,auto,left,140.16,145.85,0.975,extended,8,1
32.0355,auto,left,137.27,142.42,0.977,extended,8,1
32.0758,auto,left,132.12,138.3,0.979,extended,8,1
32.116,auto,left,129.21,134.66,0.981,extended,8,1
32.1563,auto,left,130.48,132.99,0.983,extended,8,1
32.1965,auto,left,131.32,132.32,0.984,extended,8,1
32.2368,auto,left,129.4,131.15,0.985,extended,8,1
32.277,auto,left,129.12,130.34,0.985,extended,8,1
32.3172,auto,left,128.36,129.55,0.986,extended,8,1
32.3575,auto,left,129.37,129.48,0.987,extended,8,1
32.3977,auto,left,128.8,129.21,0.986,extended,8,1
32.438,auto,left,128.39,128.88,0.985,extended,8,1
32.4782,auto,left,127.3,128.25,0.984,extended,8,1
32.5185,auto,left,130.0,128.95,0.985,extended,8,1
32.5587,auto,left,133.47,130.76,0.985,extended,8,1
32.599,auto,left,133.27,131.76,0.986,extended,8,1
32.6392,auto,left,136.3,133.58,0.986,extended,8,1
32.6795,auto,left,136.63,134.8,0.987,extended,8,1
32.7197,auto,left,141.01,137.28,0.986,extended,8,1
32.7599,auto,left,154.19,144.05,0.984,extended,8,1
32.8002,auto,left,161.15,150.89,0.984,extended,8,1
32.8404,auto,left,175.99,160.93,0.985,extended,8,1
32.8807,auto,left,163.63,162.01,0.986,extended,8,1
32.9209,auto,left,144.44,154.98,0.985,extended,8,1
32.9612,auto,left,139.76,148.89,0.979,extended,8,1
33.0014,auto,left,133.59,142.77,0.977,extended,8,1
33.0417,auto,left,131.89,138.42,0.95,extended,8,1
33.0819,auto,left,134.55,136.87,0.891,extended,8,1
33.1222,auto,left,142.08,138.96,0.838,extended,8,1
33.1624,auto,left,144.63,141.22,0.76,extended,8,1
33.2026,auto,left,144.86,142.68,0.756,extended,8,1
33.2429,auto,left,138.83,141.14,0.723,extended,8,1
33.2831,auto,left,133.73,138.17,0.704,extended,8,1
33.3234,auto,left,148.42,142.27,0.698,extended,8,1
33.3636,auto,left,150.15,145.42,0.724,extended,8,1
33.4039,auto,left,152.3,148.18,0.728,extended,8,1
33.4441,auto,left,157.98,152.1,0.742,extended,8,1
33.4844,auto,left,157.02,154.07,0.726,extended,8,1
33.5246,auto,left,95.79,130.76,0.725,extended,8,1
33.5649,auto,left,118.02,125.66,0.717,extended,8,1
33.6051,auto,left,148.46,134.78,0.728,extended,8,1
33.6454,auto,left,139.61,136.71,0.738,extended,8,1
33.6856,auto,left,174.67,151.89,0.755,extended,8,1
33.7258,auto,left,123.63,140.59,0.765,extended,8,1
